<?xml version="1.0" encoding="UTF-8" ?>
<XMLDB PATH="mod/hotquestion/db" VERSION="20230120" COMMENT="XMLDB file for Moodle mod/hotquestion"
    xmlns:xsi="http://www.w3.org/2001/XMLSchema-instance"
    xsi:noNamespaceSchemaLocation="../../../lib/xmldb/xmldb.xsd"
>
  <TABLES>
    <TABLE NAME="hotquestion" COMMENT="Default comment for hotquestion, please edit me">
      <FIELDS>
        <FIELD NAME="id" TYPE="int" LENGTH="10" NOTNULL="true" SEQUENCE="true"/>
        <FIELD NAME="course" TYPE="int" LENGTH="10" NOTNULL="true" DEFAULT="0" SEQUENCE="false" COMMENT="Course hotquestion activity belongs to"/>
        <FIELD NAME="name" TYPE="char" LENGTH="255" NOTNULL="true" SEQUENCE="false" COMMENT="name field for moodle instances"/>
        <FIELD NAME="intro" TYPE="text" NOTNULL="false" SEQUENCE="false" COMMENT="General introduction of the hotquestion activity"/>
        <FIELD NAME="introformat" TYPE="int" LENGTH="4" NOTNULL="true" DEFAULT="0" SEQUENCE="false" COMMENT="Format of the intro field (MOODLE, HTML, MARKDOWN...)"/>
        <FIELD NAME="submitdirections" TYPE="char" LENGTH="255" NOTNULL="true" DEFAULT="Submit your question here" SEQUENCE="false" COMMENT="Change the default wording as desired."/>
        <FIELD NAME="timecreated" TYPE="int" LENGTH="10" NOTNULL="true" DEFAULT="0" SEQUENCE="false"/>
        <FIELD NAME="timemodified" TYPE="int" LENGTH="10" NOTNULL="true" DEFAULT="0" SEQUENCE="false"/>
        <FIELD NAME="timeopen" TYPE="int" LENGTH="10" NOTNULL="true" DEFAULT="0" SEQUENCE="false" COMMENT="Date HQ opens."/>
        <FIELD NAME="timeclose" TYPE="int" LENGTH="10" NOTNULL="true" DEFAULT="0" SEQUENCE="false" COMMENT="Date HQ closes."/>
        <FIELD NAME="viewaftertimeclose" TYPE="int" LENGTH="2" NOTNULL="true" DEFAULT="0" SEQUENCE="false" COMMENT="Allow question viewing after activity is closed."/>
        <FIELD NAME="questionlabel" TYPE="char" LENGTH="20" NOTNULL="true" DEFAULT="Questions" SEQUENCE="false" COMMENT="Change default heading label as desired."/>
        <FIELD NAME="teacherpriorityvisibility" TYPE="int" LENGTH="2" NOTNULL="true" DEFAULT="1" SEQUENCE="false" COMMENT="Teacher priority column visibility."/>
        <FIELD NAME="teacherprioritylabel" TYPE="char" LENGTH="20" NOTNULL="true" DEFAULT="Priority" SEQUENCE="false" COMMENT="Change the default heading label as desired."/>
        <FIELD NAME="heatvisibility" TYPE="int" LENGTH="2" NOTNULL="true" DEFAULT="1" SEQUENCE="false" COMMENT="Heat column visibility."/>
        <FIELD NAME="heatlabel" TYPE="char" LENGTH="20" NOTNULL="true" DEFAULT="Heat" SEQUENCE="false" COMMENT="Change default heat heading label as desired."/>
        <FIELD NAME="heatlimit" TYPE="int" LENGTH="2" NOTNULL="true" DEFAULT="0" SEQUENCE="false" COMMENT="Vote limit."/>
        <FIELD NAME="anonymouspost" TYPE="int" LENGTH="2" NOTNULL="true" DEFAULT="1" SEQUENCE="false"/>
        <FIELD NAME="authorhide" TYPE="int" LENGTH="2" NOTNULL="true" DEFAULT="0" SEQUENCE="false"/>
        <FIELD NAME="approval" TYPE="int" LENGTH="2" NOTNULL="true" DEFAULT="0" SEQUENCE="false"/>
        <FIELD NAME="approvallabel" TYPE="char" LENGTH="20" NOTNULL="true" DEFAULT="Approved" SEQUENCE="false" COMMENT="Change default heading approvallabel as desired."/>
        <FIELD NAME="removelabel" TYPE="char" LENGTH="20" NOTNULL="true" DEFAULT="Remove" SEQUENCE="false" COMMENT="Change the default remove heading label as desired."/>
        <FIELD NAME="scale" TYPE="int" LENGTH="10" NOTNULL="true" DEFAULT="0" SEQUENCE="false"/>
        <FIELD NAME="assessed" TYPE="int" LENGTH="10" NOTNULL="true" DEFAULT="0" SEQUENCE="false"/>
        <FIELD NAME="assesstimestart" TYPE="int" LENGTH="10" NOTNULL="true" DEFAULT="0" SEQUENCE="false"/>
        <FIELD NAME="assesstimefinish" TYPE="int" LENGTH="10" NOTNULL="true" DEFAULT="0" SEQUENCE="false"/>
        <FIELD NAME="comments" TYPE="int" LENGTH="4" NOTNULL="true" DEFAULT="0" SEQUENCE="false"/>
        <FIELD NAME="grade" TYPE="int" LENGTH="10" NOTNULL="true" DEFAULT="0" SEQUENCE="false" COMMENT="The maximum grade for this activity. Can be negative to indicate the use of a scale."/>
        <FIELD NAME="postmaxgrade" TYPE="int" LENGTH="2" NOTNULL="true" DEFAULT="0" SEQUENCE="false" COMMENT="Participation required to get maximum grade"/>
        <FIELD NAME="factorheat" TYPE="int" LENGTH="2" NOTNULL="false" DEFAULT="0" SEQUENCE="false" COMMENT="Factor in % to weight heat received by posts, for grading."/>
        <FIELD NAME="factorpriority" TYPE="int" LENGTH="2" NOTNULL="true" DEFAULT="0" SEQUENCE="false" COMMENT="Factor in % to weight priority received by posts, for grading."/>
        <FIELD NAME="factorvote" TYPE="int" LENGTH="2" NOTNULL="true" DEFAULT="0" SEQUENCE="false" COMMENT="Factor in % to weight votes emitted, for grading"/>
        <FIELD NAME="completionpost" TYPE="int" LENGTH="2" NOTNULL="true" DEFAULT="0" SEQUENCE="false" COMMENT="Nonzero if a certain number of questions are required to mark this activity complete for a user."/>
        <FIELD NAME="completionvote" TYPE="int" LENGTH="2" NOTNULL="true" DEFAULT="0" SEQUENCE="false" COMMENT="Nonzero if a certain number of votes are required to mark this activity complete for a user."/>
        <FIELD NAME="completionpass" TYPE="int" LENGTH="2" NOTNULL="false" DEFAULT="0" SEQUENCE="false"/>
      </FIELDS>
      <KEYS>
        <KEY NAME="primary" TYPE="primary" FIELDS="id"/>
      </KEYS>
      <INDEXES>
        <INDEX NAME="course" UNIQUE="false" FIELDS="course"/>
      </INDEXES>
    </TABLE>
    <TABLE NAME="hotquestion_questions" COMMENT="The questions that students submit.">
      <FIELDS>
        <FIELD NAME="id" TYPE="int" LENGTH="10" NOTNULL="true" SEQUENCE="true"/>
        <FIELD NAME="hotquestion" TYPE="int" LENGTH="10" NOTNULL="true" DEFAULT="0" SEQUENCE="false" COMMENT="The ID of the &quot;hotquestion&quot; that this question belongs to."/>
        <FIELD NAME="content" TYPE="text" NOTNULL="true" SEQUENCE="false" COMMENT="The question content."/>
        <FIELD NAME="format" TYPE="int" LENGTH="2" NOTNULL="true" DEFAULT="0" SEQUENCE="false"/>
        <FIELD NAME="userid" TYPE="int" LENGTH="10" NOTNULL="true" SEQUENCE="false"/>
        <FIELD NAME="time" TYPE="int" LENGTH="10" NOTNULL="true" SEQUENCE="false"/>
        <FIELD NAME="anonymous" TYPE="int" LENGTH="2" NOTNULL="true" DEFAULT="0" SEQUENCE="false"/>
        <FIELD NAME="approved" TYPE="int" LENGTH="2" NOTNULL="true" DEFAULT="0" SEQUENCE="false"/>
        <FIELD NAME="tpriority" TYPE="int" LENGTH="2" NOTNULL="true" DEFAULT="0" SEQUENCE="false" COMMENT="teacher priority"/>
      </FIELDS>
      <KEYS>
        <KEY NAME="primary" TYPE="primary" FIELDS="id"/>
        <KEY NAME="hotquestion" TYPE="foreign" FIELDS="hotquestion" REFTABLE="hotquestion" REFFIELDS="id"/>
      </KEYS>
      <INDEXES>
        <INDEX NAME="time" UNIQUE="false" FIELDS="time"/>
      </INDEXES>
    </TABLE>
    <TABLE NAME="hotquestion_votes" COMMENT="Record who votes to this question.">
      <FIELDS>
        <FIELD NAME="id" TYPE="int" LENGTH="10" NOTNULL="true" SEQUENCE="true"/>
        <FIELD NAME="question" TYPE="int" LENGTH="10" NOTNULL="true" SEQUENCE="false" COMMENT="ID of questions"/>
        <FIELD NAME="voter" TYPE="int" LENGTH="10" NOTNULL="true" SEQUENCE="false" COMMENT="The id of the voter who votes to this question."/>
      </FIELDS>
      <KEYS>
        <KEY NAME="primary" TYPE="primary" FIELDS="id"/>
        <KEY NAME="question" TYPE="foreign" FIELDS="question" REFTABLE="hotquestion_questions" REFFIELDS="id"/>
      </KEYS>
      <INDEXES>
        <INDEX NAME="voter" UNIQUE="false" FIELDS="voter"/>
      </INDEXES>
    </TABLE>
    <TABLE NAME="hotquestion_rounds" COMMENT="Vote window interval">
      <FIELDS>
        <FIELD NAME="id" TYPE="int" LENGTH="10" NOTNULL="true" SEQUENCE="true"/>
        <FIELD NAME="hotquestion" TYPE="int" LENGTH="10" NOTNULL="true" SEQUENCE="false"/>
        <FIELD NAME="starttime" TYPE="int" LENGTH="10" NOTNULL="true" SEQUENCE="false"/>
        <FIELD NAME="endtime" TYPE="int" LENGTH="10" NOTNULL="true" DEFAULT="0" SEQUENCE="false"/>
      </FIELDS>
      <KEYS>
        <KEY NAME="primary" TYPE="primary" FIELDS="id"/>
        <KEY NAME="hotquestion" TYPE="foreign" FIELDS="hotquestion" REFTABLE="hotquestion" REFFIELDS="id"/>
      </KEYS>
      <INDEXES>
        <INDEX NAME="starttime" UNIQUE="false" FIELDS="starttime"/>
      </INDEXES>
    </TABLE>
    <TABLE NAME="hotquestion_grades" COMMENT="Grading data for hotquestion instances">
      <FIELDS>
        <FIELD NAME="id" TYPE="int" LENGTH="10" NOTNULL="true" SEQUENCE="true"/>
        <FIELD NAME="hotquestion" TYPE="int" LENGTH="10" NOTNULL="true" SEQUENCE="false"/>
        <FIELD NAME="userid" TYPE="int" LENGTH="10" NOTNULL="true" SEQUENCE="false"/>
        <FIELD NAME="rawrating" TYPE="number" LENGTH="10" NOTNULL="false" SEQUENCE="false" DECIMALS="5" COMMENT="The numerical value for this user's hotquestion rating."/>
        <FIELD NAME="timemodified" TYPE="int" LENGTH="10" NOTNULL="true" DEFAULT="0" SEQUENCE="false"/>
      </FIELDS>
      <KEYS>
        <KEY NAME="primary" TYPE="primary" FIELDS="id"/>
        <KEY NAME="hotquestion" TYPE="foreign" FIELDS="hotquestion" REFTABLE="hotquestion" REFFIELDS="id"/>
      </KEYS>
      <INDEXES>
        <INDEX NAME="userid" UNIQUE="false" FIELDS="userid"/>
        <INDEX NAME="usergrade" UNIQUE="true" FIELDS="hotquestion, userid"/>
      </INDEXES>
    </TABLE>
  </TABLES>
</XMLDB>
