<?xml version="1.0" encoding="UTF-8" ?>
<XMLDB PATH="local/intelliboard/db" VERSION="20210315" COMMENT="XMLDB file for Moodle local/intelliboard"
    xmlns:xsi="http://www.w3.org/2001/XMLSchema-instance"
    xsi:noNamespaceSchemaLocation="../../../lib/xmldb/xmldb.xsd"
>
  <TABLES>
    <TABLE NAME="local_intelliboard_tracking" COMMENT="intelliboard log">
      <FIELDS>
        <FIELD NAME="id" TYPE="int" LENGTH="10" NOTNULL="true" SEQUENCE="true"/>
        <FIELD NAME="userid" TYPE="int" LENGTH="10" NOTNULL="false" SEQUENCE="false"/>
        <FIELD NAME="courseid" TYPE="int" LENGTH="10" NOTNULL="false" SEQUENCE="false"/>
        <FIELD NAME="page" TYPE="char" LENGTH="100" NOTNULL="true" SEQUENCE="false"/>
        <FIELD NAME="param" TYPE="int" LENGTH="10" NOTNULL="false" SEQUENCE="false"/>
        <FIELD NAME="visits" TYPE="int" LENGTH="10" NOTNULL="false" SEQUENCE="false"/>
        <FIELD NAME="timespend" TYPE="int" LENGTH="10" NOTNULL="false" SEQUENCE="false"/>
        <FIELD NAME="firstaccess" TYPE="int" LENGTH="10" NOTNULL="false" SEQUENCE="false"/>
        <FIELD NAME="lastaccess" TYPE="int" LENGTH="10" NOTNULL="false" SEQUENCE="false"/>
        <FIELD NAME="useragent" TYPE="char" LENGTH="100" NOTNULL="false" SEQUENCE="false"/>
        <FIELD NAME="useros" TYPE="char" LENGTH="100" NOTNULL="false" SEQUENCE="false"/>
        <FIELD NAME="userlang" TYPE="char" LENGTH="100" NOTNULL="false" SEQUENCE="false"/>
        <FIELD NAME="userip" TYPE="char" LENGTH="100" NOTNULL="false" SEQUENCE="false"/>
      </FIELDS>
      <KEYS>
        <KEY NAME="primary" TYPE="primary" FIELDS="id"/>
      </KEYS>
      <INDEXES>
        <INDEX NAME="userid_page_param_idx" UNIQUE="false" FIELDS="userid, page, param"/>
        <INDEX NAME="userid_courseid_idx" UNIQUE="false" FIELDS="userid, courseid"/>
      </INDEXES>
    </TABLE>
    <TABLE NAME="local_intelliboard_logs" COMMENT="intelliboard logs">
      <FIELDS>
        <FIELD NAME="id" TYPE="int" LENGTH="10" NOTNULL="true" SEQUENCE="true"/>
        <FIELD NAME="trackid" TYPE="int" LENGTH="10" NOTNULL="false" SEQUENCE="false"/>
        <FIELD NAME="visits" TYPE="int" LENGTH="10" NOTNULL="false" SEQUENCE="false"/>
        <FIELD NAME="timespend" TYPE="int" LENGTH="10" NOTNULL="false" SEQUENCE="false"/>
        <FIELD NAME="timepoint" TYPE="int" LENGTH="10" NOTNULL="false" SEQUENCE="false"/>
      </FIELDS>
      <KEYS>
        <KEY NAME="primary" TYPE="primary" FIELDS="id"/>
      </KEYS>
      <INDEXES>
        <INDEX NAME="trackid_timepoint_idx" UNIQUE="false" FIELDS="trackid, timepoint"/>
      </INDEXES>
    </TABLE>
    <TABLE NAME="local_intelliboard_details" COMMENT="intelliboard details">
      <FIELDS>
        <FIELD NAME="id" TYPE="int" LENGTH="10" NOTNULL="true" SEQUENCE="true"/>
        <FIELD NAME="logid" TYPE="int" LENGTH="10" NOTNULL="false" DEFAULT="0" SEQUENCE="false"/>
        <FIELD NAME="visits" TYPE="int" LENGTH="10" NOTNULL="false" DEFAULT="0" SEQUENCE="false"/>
        <FIELD NAME="timespend" TYPE="int" LENGTH="10" NOTNULL="false" DEFAULT="0" SEQUENCE="false"/>
        <FIELD NAME="timepoint" TYPE="int" LENGTH="10" NOTNULL="false" DEFAULT="0" SEQUENCE="false"/>
      </FIELDS>
      <KEYS>
        <KEY NAME="primary" TYPE="primary" FIELDS="id"/>
      </KEYS>
      <INDEXES>
        <INDEX NAME="logid_timepoint_idx" UNIQUE="false" FIELDS="logid, timepoint"/>
      </INDEXES>
    </TABLE>
    <TABLE NAME="local_intelliboard_totals" COMMENT="intelliboard totals">
      <FIELDS>
        <FIELD NAME="id" TYPE="int" LENGTH="10" NOTNULL="true" SEQUENCE="true"/>
        <FIELD NAME="sessions" TYPE="int" LENGTH="10" NOTNULL="false" SEQUENCE="false"/>
        <FIELD NAME="courses" TYPE="int" LENGTH="10" NOTNULL="false" SEQUENCE="false"/>
        <FIELD NAME="visits" TYPE="int" LENGTH="10" NOTNULL="false" SEQUENCE="false"/>
        <FIELD NAME="timespend" TYPE="int" LENGTH="10" NOTNULL="false" SEQUENCE="false"/>
        <FIELD NAME="timepoint" TYPE="int" LENGTH="10" NOTNULL="false" SEQUENCE="false"/>
      </FIELDS>
      <KEYS>
        <KEY NAME="primary" TYPE="primary" FIELDS="id"/>
      </KEYS>
      <INDEXES>
        <INDEX NAME="timepoint_idx" UNIQUE="false" FIELDS="timepoint"/>
      </INDEXES>
    </TABLE>
    <TABLE NAME="local_intelliboard_assign" COMMENT="intelliboard assign">
      <FIELDS>
        <FIELD NAME="id" TYPE="int" LENGTH="10" NOTNULL="true" SEQUENCE="true"/>
        <FIELD NAME="userid" TYPE="int" LENGTH="10" NOTNULL="true" SEQUENCE="false"/>
        <FIELD NAME="rel" TYPE="char" LENGTH="64" NOTNULL="false" SEQUENCE="false"/>
        <FIELD NAME="type" TYPE="char" LENGTH="64" NOTNULL="false" SEQUENCE="false"/>
        <FIELD NAME="instance" TYPE="char" LENGTH="100" NOTNULL="false" SEQUENCE="false"/>
        <FIELD NAME="timecreated" TYPE="int" LENGTH="10" NOTNULL="true" SEQUENCE="false"/>
      </FIELDS>
      <KEYS>
        <KEY NAME="primary" TYPE="primary" FIELDS="id"/>
      </KEYS>
      <INDEXES>
        <INDEX NAME="type_instance_idx" UNIQUE="false" FIELDS="type, instance"/>
      </INDEXES>
    </TABLE>
    <TABLE NAME="local_intelliboard_ntf" COMMENT="intelliboard notification">
      <FIELDS>
        <FIELD NAME="id" TYPE="int" LENGTH="10" NOTNULL="true" SEQUENCE="true"/>
        <FIELD NAME="type" TYPE="int" LENGTH="10" NOTNULL="true" SEQUENCE="false"/>
        <FIELD NAME="name" TYPE="char" LENGTH="255" NOTNULL="true" SEQUENCE="false"/>
        <FIELD NAME="externalid" TYPE="int" LENGTH="10" NOTNULL="true" SEQUENCE="false"/>
        <FIELD NAME="userid" TYPE="int" LENGTH="10" NOTNULL="true" SEQUENCE="false"/>
        <FIELD NAME="email" TYPE="text" NOTNULL="false" SEQUENCE="false"/>
        <FIELD NAME="cc" TYPE="text" NOTNULL="false" SEQUENCE="false"/>
        <FIELD NAME="subject" TYPE="char" LENGTH="255" NOTNULL="true" SEQUENCE="false"/>
        <FIELD NAME="message" TYPE="text" NOTNULL="true" SEQUENCE="false"/>
        <FIELD NAME="state" TYPE="int" LENGTH="10" NOTNULL="true" SEQUENCE="false"/>
        <FIELD NAME="attachment" TYPE="char" LENGTH="64" NOTNULL="true" SEQUENCE="false"/>
        <FIELD NAME="tags" TYPE="text" NOTNULL="true" SEQUENCE="false"/>
      </FIELDS>
      <KEYS>
        <KEY NAME="primary" TYPE="primary" FIELDS="id"/>
      </KEYS>
      <INDEXES>
        <INDEX NAME="type_idx" UNIQUE="false" FIELDS="type"/>
        <INDEX NAME="userid_idx" UNIQUE="false" FIELDS="userid"/>
        <INDEX NAME="externalid_idx" UNIQUE="true" FIELDS="externalid"/>
      </INDEXES>
    </TABLE>
    <TABLE NAME="local_intelliboard_ntf_pms" COMMENT="intelliboard notification params">
      <FIELDS>
        <FIELD NAME="id" TYPE="int" LENGTH="10" NOTNULL="true" SEQUENCE="true"/>
        <FIELD NAME="notificationid" TYPE="int" LENGTH="10" NOTNULL="true" SEQUENCE="false"/>
        <FIELD NAME="name" TYPE="char" LENGTH="64" NOTNULL="true" SEQUENCE="false"/>
        <FIELD NAME="value" TYPE="char" LENGTH="255" NOTNULL="true" SEQUENCE="false"/>
      </FIELDS>
      <KEYS>
        <KEY NAME="primary" TYPE="primary" FIELDS="id"/>
      </KEYS>
      <INDEXES>
        <INDEX NAME="notificationid_idx" UNIQUE="false" FIELDS="notificationid"/>
        <INDEX NAME="name_value_idx" UNIQUE="false" FIELDS="name, value"/>
      </INDEXES>
    </TABLE>
    <TABLE NAME="local_intelliboard_ntf_hst" COMMENT="intelliboard notification history">
      <FIELDS>
        <FIELD NAME="id" TYPE="int" LENGTH="10" NOTNULL="true" SEQUENCE="true"/>
        <FIELD NAME="notificationid" TYPE="int" LENGTH="10" NOTNULL="true" SEQUENCE="false"/>
        <FIELD NAME="userid" TYPE="int" LENGTH="10" NOTNULL="true" SEQUENCE="false"/>
        <FIELD NAME="notificationname" TYPE="char" LENGTH="255" NOTNULL="true" SEQUENCE="false"/>
        <FIELD NAME="email" TYPE="text" NOTNULL="false" SEQUENCE="false"/>
        <FIELD NAME="timesent" TYPE="int" LENGTH="10" NOTNULL="true" SEQUENCE="false"/>
      </FIELDS>
      <KEYS>
        <KEY NAME="primary" TYPE="primary" FIELDS="id"/>
      </KEYS>
      <INDEXES>
        <INDEX NAME="notificationid_idx" UNIQUE="false" FIELDS="notificationid"/>
      </INDEXES>
    </TABLE>
    <TABLE NAME="local_intelliboard_reports" COMMENT="intelliboard sql reports">
      <FIELDS>
        <FIELD NAME="id" TYPE="int" LENGTH="10" NOTNULL="true" SEQUENCE="true"/>
        <FIELD NAME="status" TYPE="int" LENGTH="10" NOTNULL="true" SEQUENCE="false"/>
        <FIELD NAME="name" TYPE="char" LENGTH="255" NOTNULL="true" SEQUENCE="false"/>
        <FIELD NAME="sqlcode" TYPE="text" NOTNULL="false" SEQUENCE="false"/>
        <FIELD NAME="appid" TYPE="int" LENGTH="10" NOTNULL="true" SEQUENCE="false"/>
        <FIELD NAME="timecreated" TYPE="int" LENGTH="10" NOTNULL="true" SEQUENCE="false"/>
      </FIELDS>
      <KEYS>
        <KEY NAME="primary" TYPE="primary" FIELDS="id"/>
      </KEYS>
    </TABLE>
    <TABLE NAME="local_intelliboard_bbb_meet" COMMENT="BigBlueButton meetings">
      <FIELDS>
        <FIELD NAME="id" TYPE="int" LENGTH="10" NOTNULL="true" SEQUENCE="true"/>
        <FIELD NAME="meetingname" TYPE="char" LENGTH="255" NOTNULL="false" SEQUENCE="false"/>
        <FIELD NAME="meetingid" TYPE="text" NOTNULL="false" SEQUENCE="false"/>
        <FIELD NAME="internalmeetingid" TYPE="text" NOTNULL="false" SEQUENCE="false"/>
        <FIELD NAME="createtime" TYPE="int" LENGTH="15" NOTNULL="false" SEQUENCE="false"/>
        <FIELD NAME="createdate" TYPE="char" LENGTH="255" NOTNULL="false" SEQUENCE="false"/>
        <FIELD NAME="voicebridge" TYPE="char" LENGTH="100" NOTNULL="false" SEQUENCE="false"/>
        <FIELD NAME="dialnumber" TYPE="char" LENGTH="255" NOTNULL="false" SEQUENCE="false"/>
        <FIELD NAME="attendeepw" TYPE="text" NOTNULL="false" SEQUENCE="false"/>
        <FIELD NAME="moderatorpw" TYPE="text" NOTNULL="false" SEQUENCE="false"/>
        <FIELD NAME="running" TYPE="char" LENGTH="25" NOTNULL="false" SEQUENCE="false"/>
        <FIELD NAME="duration" TYPE="char" LENGTH="255" NOTNULL="false" SEQUENCE="false"/>
        <FIELD NAME="hasuserjoined" TYPE="char" LENGTH="25" NOTNULL="false" SEQUENCE="false"/>
        <FIELD NAME="recording" TYPE="char" LENGTH="25" NOTNULL="false" SEQUENCE="false"/>
        <FIELD NAME="hasbeenforciblyended" TYPE="char" LENGTH="25" NOTNULL="false" SEQUENCE="false"/>
        <FIELD NAME="starttime" TYPE="int" LENGTH="15" NOTNULL="false" SEQUENCE="false"/>
        <FIELD NAME="endtime" TYPE="int" LENGTH="15" NOTNULL="false" SEQUENCE="false"/>
        <FIELD NAME="participantcount" TYPE="int" LENGTH="20" NOTNULL="false" SEQUENCE="false"/>
        <FIELD NAME="listenercount" TYPE="int" LENGTH="20" NOTNULL="false" SEQUENCE="false"/>
        <FIELD NAME="voiceparticipantcount" TYPE="int" LENGTH="20" NOTNULL="false" SEQUENCE="false"/>
        <FIELD NAME="videocount" TYPE="int" LENGTH="20" NOTNULL="false" SEQUENCE="false"/>
        <FIELD NAME="maxusers" TYPE="int" LENGTH="20" NOTNULL="false" SEQUENCE="false"/>
        <FIELD NAME="moderatorcount" TYPE="int" LENGTH="20" NOTNULL="false" SEQUENCE="false"/>
        <FIELD NAME="courseid" TYPE="int" LENGTH="15" NOTNULL="false" SEQUENCE="false"/>
        <FIELD NAME="cmid" TYPE="int" LENGTH="15" NOTNULL="false" SEQUENCE="false"/>
        <FIELD NAME="bigbluebuttonbnid" TYPE="int" LENGTH="15" NOTNULL="false" SEQUENCE="false"/>
        <FIELD NAME="ownerid" TYPE="int" LENGTH="15" NOTNULL="false" SEQUENCE="false"/>
      </FIELDS>
      <KEYS>
        <KEY NAME="primary" TYPE="primary" FIELDS="id"/>
      </KEYS>
      <INDEXES>
        <INDEX NAME="courseid" UNIQUE="false" FIELDS="courseid"/>
      </INDEXES>
    </TABLE>
    <TABLE NAME="local_intelliboard_bbb_atten" COMMENT="Attendees of BigBlueButton meetings">
      <FIELDS>
        <FIELD NAME="id" TYPE="int" LENGTH="10" NOTNULL="true" SEQUENCE="true"/>
        <FIELD NAME="userid" TYPE="char" LENGTH="200" NOTNULL="false" SEQUENCE="false"/>
        <FIELD NAME="fullname" TYPE="text" NOTNULL="false" SEQUENCE="false"/>
        <FIELD NAME="role" TYPE="char" LENGTH="100" NOTNULL="false" SEQUENCE="false"/>
        <FIELD NAME="ispresenter" TYPE="char" LENGTH="20" NOTNULL="false" SEQUENCE="false"/>
        <FIELD NAME="islisteningonly" TYPE="char" LENGTH="20" NOTNULL="false" SEQUENCE="false"/>
        <FIELD NAME="hasjoinedvoice" TYPE="char" LENGTH="20" NOTNULL="false" SEQUENCE="false"/>
        <FIELD NAME="hasvideo" TYPE="char" LENGTH="20" NOTNULL="false" SEQUENCE="false"/>
        <FIELD NAME="meetingid" TYPE="text" NOTNULL="false" SEQUENCE="false"/>
        <FIELD NAME="localmeetingid" TYPE="int" LENGTH="15" NOTNULL="false" SEQUENCE="false"/>
        <FIELD NAME="arrivaltime" TYPE="int" LENGTH="15" NOTNULL="false" SEQUENCE="false"/>
        <FIELD NAME="departuretime" TYPE="int" LENGTH="15" NOTNULL="false" SEQUENCE="false"/>
      </FIELDS>
      <KEYS>
        <KEY NAME="primary" TYPE="primary" FIELDS="id"/>
      </KEYS>
      <INDEXES>
        <INDEX NAME="localmeetingid" UNIQUE="false" FIELDS="localmeetingid"/>
      </INDEXES>
    </TABLE>
    <TABLE NAME="local_intelliboard_dbconn" COMMENT="Database transactions">
      <FIELDS>
        <FIELD NAME="id" TYPE="int" LENGTH="10" NOTNULL="true" SEQUENCE="true"/>
        <FIELD NAME="connection_id" TYPE="int" LENGTH="10" NOTNULL="true" SEQUENCE="false"/>
        <FIELD NAME="timecreated" TYPE="int" LENGTH="10" NOTNULL="true" SEQUENCE="false"/>
      </FIELDS>
      <KEYS>
        <KEY NAME="primary" TYPE="primary" FIELDS="id"/>
      </KEYS>
    </TABLE>
    <TABLE NAME="local_intelliboard_bb_trck_m" COMMENT="Default comment for the table, please edit me">
      <FIELDS>
        <FIELD NAME="id" TYPE="int" LENGTH="10" NOTNULL="true" SEQUENCE="true"/>
        <FIELD NAME="sessionuid" TYPE="char" LENGTH="255" NOTNULL="false" SEQUENCE="false"/>
        <FIELD NAME="track_time" TYPE="int" LENGTH="10" NOTNULL="false" SEQUENCE="false"/>
      </FIELDS>
      <KEYS>
        <KEY NAME="primary" TYPE="primary" FIELDS="id"/>
      </KEYS>
      <INDEXES>
        <INDEX NAME="sessionuid" UNIQUE="true" FIELDS="sessionuid"/>
      </INDEXES>
    </TABLE>
    <TABLE NAME="local_intelliboard_bb_partic" COMMENT="Default comment for the table, please edit me">
      <FIELDS>
        <FIELD NAME="id" TYPE="int" LENGTH="10" NOTNULL="true" SEQUENCE="true"/>
        <FIELD NAME="sessionuid" TYPE="char" LENGTH="255" NOTNULL="false" SEQUENCE="false"/>
        <FIELD NAME="useruid" TYPE="char" LENGTH="255" NOTNULL="false" SEQUENCE="false"/>
        <FIELD NAME="external_user_id" TYPE="int" LENGTH="10" NOTNULL="false" SEQUENCE="false"/>
        <FIELD NAME="role" TYPE="char" LENGTH="255" NOTNULL="false" SEQUENCE="false"/>
        <FIELD NAME="display_name" TYPE="char" LENGTH="255" NOTNULL="false" SEQUENCE="false"/>
        <FIELD NAME="first_join_time" TYPE="int" LENGTH="10" NOTNULL="false" SEQUENCE="false"/>
        <FIELD NAME="last_left_time" TYPE="int" LENGTH="10" NOTNULL="false" SEQUENCE="false"/>
        <FIELD NAME="duration" TYPE="int" LENGTH="10" NOTNULL="false" SEQUENCE="false"/>
        <FIELD NAME="rejoins" TYPE="int" LENGTH="10" NOTNULL="false" SEQUENCE="false"/>
      </FIELDS>
      <KEYS>
        <KEY NAME="primary" TYPE="primary" FIELDS="id"/>
      </KEYS>
      <INDEXES>
        <INDEX NAME="sessionuid" UNIQUE="false" FIELDS="sessionuid"/>
        <INDEX NAME="useruid" UNIQUE="false" FIELDS="useruid"/>
        <INDEX NAME="external_user_id" UNIQUE="false" FIELDS="external_user_id"/>
      </INDEXES>
    </TABLE>
    <TABLE NAME="local_intelliboard_att_sync" COMMENT="Default comment for the table, please edit me">
      <FIELDS>
        <FIELD NAME="id" TYPE="int" LENGTH="10" NOTNULL="true" SEQUENCE="true"/>
        <FIELD NAME="type" TYPE="char" LENGTH="255" NOTNULL="false" SEQUENCE="false"/>
        <FIELD NAME="instance" TYPE="int" LENGTH="10" NOTNULL="false" SEQUENCE="false"/>
        <FIELD NAME="data" TYPE="text" NOTNULL="false" SEQUENCE="false"/>
      </FIELDS>
      <KEYS>
        <KEY NAME="primary" TYPE="primary" FIELDS="id"/>
      </KEYS>
    </TABLE>
    <TABLE NAME="local_intelliboard_trns_c" COMMENT="intelliboard transcripts courses table">
      <FIELDS>
        <FIELD NAME="id" TYPE="int" LENGTH="10" NOTNULL="true" SEQUENCE="true"/>
        <FIELD NAME="userid" TYPE="int" LENGTH="10" NOTNULL="false" DEFAULT="0" SEQUENCE="false"/>
        <FIELD NAME="useremail" TYPE="char" LENGTH="255" NOTNULL="false" DEFAULT="" SEQUENCE="false"/>
        <FIELD NAME="firstname" TYPE="char" LENGTH="255" NOTNULL="false" DEFAULT="" SEQUENCE="false"/>
        <FIELD NAME="lastname" TYPE="char" LENGTH="255" NOTNULL="false" DEFAULT="" SEQUENCE="false"/>
        <FIELD NAME="userenrolid" TYPE="int" LENGTH="10" NOTNULL="false" DEFAULT="0" SEQUENCE="false"/>
        <FIELD NAME="enrolid" TYPE="int" LENGTH="10" NOTNULL="false" DEFAULT="0" SEQUENCE="false"/>
        <FIELD NAME="enroltype" TYPE="char" LENGTH="100" NOTNULL="false" DEFAULT="" SEQUENCE="false"/>
        <FIELD NAME="courseid" TYPE="int" LENGTH="10" NOTNULL="false" DEFAULT="0" SEQUENCE="false"/>
        <FIELD NAME="coursename" TYPE="char" LENGTH="255" NOTNULL="false" DEFAULT="" SEQUENCE="false"/>
        <FIELD NAME="enroldate" TYPE="int" LENGTH="10" NOTNULL="false" DEFAULT="0" SEQUENCE="false"/>
        <FIELD NAME="unenroldate" TYPE="int" LENGTH="10" NOTNULL="false" DEFAULT="0" SEQUENCE="false"/>
        <FIELD NAME="completeddate" TYPE="int" LENGTH="10" NOTNULL="false" DEFAULT="0" SEQUENCE="false"/>
        <FIELD NAME="status" TYPE="int" LENGTH="1" NOTNULL="false" DEFAULT="0" SEQUENCE="false"/>
        <FIELD NAME="gradeitemid" TYPE="int" LENGTH="10" NOTNULL="false" DEFAULT="0" SEQUENCE="false"/>
        <FIELD NAME="gradeid" TYPE="int" LENGTH="10" NOTNULL="false" DEFAULT="0" SEQUENCE="false"/>
        <FIELD NAME="grademax" TYPE="number" LENGTH="10" NOTNULL="false" DEFAULT="100" SEQUENCE="false" DECIMALS="5"/>
        <FIELD NAME="grademin" TYPE="number" LENGTH="10" NOTNULL="false" DEFAULT="0" SEQUENCE="false" DECIMALS="5"/>
        <FIELD NAME="finalgrade" TYPE="number" LENGTH="10" NOTNULL="false" DEFAULT="0" SEQUENCE="false" DECIMALS="5"/>
        <FIELD NAME="formattedgrade" TYPE="char" LENGTH="100" NOTNULL="false" DEFAULT="" SEQUENCE="false"/>
        <FIELD NAME="rolesids" TYPE="char" LENGTH="100" NOTNULL="false" DEFAULT="" SEQUENCE="false"/>
        <FIELD NAME="groupsids" TYPE="char" LENGTH="100" NOTNULL="false" DEFAULT="" SEQUENCE="false"/>
        <FIELD NAME="timecreated" TYPE="int" LENGTH="10" NOTNULL="false" DEFAULT="0" SEQUENCE="false"/>
        <FIELD NAME="timemodified" TYPE="int" LENGTH="10" NOTNULL="false" DEFAULT="0" SEQUENCE="false"/>
      </FIELDS>
      <KEYS>
        <KEY NAME="primary" TYPE="primary" FIELDS="id"/>
        <KEY NAME="courseid" TYPE="foreign" FIELDS="courseid" REFTABLE="course" REFFIELDS="id"/>
        <KEY NAME="userid" TYPE="foreign" FIELDS="userid" REFTABLE="user" REFFIELDS="id"/>
        <KEY NAME="enrolid" TYPE="foreign" FIELDS="enrolid" REFTABLE="enrol" REFFIELDS="id"/>
        <KEY NAME="userenrolid" TYPE="foreign" FIELDS="userenrolid" REFTABLE="user_enrolments" REFFIELDS="id"/>
        <KEY NAME="gradeitemid" TYPE="foreign" FIELDS="gradeitemid" REFTABLE="grade_items" REFFIELDS="id"/>
        <KEY NAME="gradeid" TYPE="foreign" FIELDS="gradeid" REFTABLE="grade_grades" REFFIELDS="id"/>
      </KEYS>
    </TABLE>
    <TABLE NAME="local_intelliboard_trns_m" COMMENT="intelliboard transcripts modules table">
      <FIELDS>
        <FIELD NAME="id" TYPE="int" LENGTH="10" NOTNULL="true" SEQUENCE="true"/>
        <FIELD NAME="userenrolid" TYPE="int" LENGTH="10" NOTNULL="false" DEFAULT="0" SEQUENCE="false"/>
        <FIELD NAME="courseid" TYPE="int" LENGTH="10" NOTNULL="false" DEFAULT="0" SEQUENCE="false"/>
        <FIELD NAME="userid" TYPE="int" LENGTH="10" NOTNULL="false" DEFAULT="0" SEQUENCE="false"/>
        <FIELD NAME="cmid" TYPE="int" LENGTH="10" NOTNULL="false" DEFAULT="0" SEQUENCE="false"/>
        <FIELD NAME="moduleid" TYPE="int" LENGTH="10" NOTNULL="false" DEFAULT="0" SEQUENCE="false"/>
        <FIELD NAME="modulename" TYPE="char" LENGTH="255" NOTNULL="false" DEFAULT="" SEQUENCE="false"/>
        <FIELD NAME="moduletype" TYPE="char" LENGTH="100" NOTNULL="false" DEFAULT="" SEQUENCE="false"/>
        <FIELD NAME="startdate" TYPE="int" LENGTH="10" NOTNULL="false" DEFAULT="0" SEQUENCE="false"/>
        <FIELD NAME="completeddate" TYPE="int" LENGTH="10" NOTNULL="false" DEFAULT="0" SEQUENCE="false"/>
        <FIELD NAME="status" TYPE="int" LENGTH="1" NOTNULL="false" DEFAULT="0" SEQUENCE="false"/>
        <FIELD NAME="gradeitemid" TYPE="int" LENGTH="10" NOTNULL="false" DEFAULT="0" SEQUENCE="false"/>
        <FIELD NAME="gradeid" TYPE="int" LENGTH="10" NOTNULL="false" DEFAULT="0" SEQUENCE="false"/>
        <FIELD NAME="grademax" TYPE="number" LENGTH="10" NOTNULL="false" DEFAULT="100" SEQUENCE="false" DECIMALS="5"/>
        <FIELD NAME="grademin" TYPE="number" LENGTH="10" NOTNULL="false" DEFAULT="0" SEQUENCE="false" DECIMALS="5"/>
        <FIELD NAME="finalgrade" TYPE="number" LENGTH="10" NOTNULL="false" DEFAULT="0" SEQUENCE="false" DECIMALS="5"/>
        <FIELD NAME="formattedgrade" TYPE="char" LENGTH="100" NOTNULL="false" DEFAULT="" SEQUENCE="false"/>
        <FIELD NAME="timecreated" TYPE="int" LENGTH="10" NOTNULL="false" DEFAULT="0" SEQUENCE="false"/>
        <FIELD NAME="timemodified" TYPE="int" LENGTH="10" NOTNULL="false" DEFAULT="0" SEQUENCE="false"/>
      </FIELDS>
      <KEYS>
        <KEY NAME="primary" TYPE="primary" FIELDS="id"/>
        <KEY NAME="courseid" TYPE="foreign" FIELDS="courseid" REFTABLE="course" REFFIELDS="id"/>
        <KEY NAME="userid" TYPE="foreign" FIELDS="userid" REFTABLE="user" REFFIELDS="id"/>
        <KEY NAME="userenrolid" TYPE="foreign" FIELDS="userenrolid" REFTABLE="user_enrolments" REFFIELDS="id"/>
        <KEY NAME="cmid" TYPE="foreign" FIELDS="cmid" REFTABLE="course_modules" REFFIELDS="id"/>
        <KEY NAME="moduleid" TYPE="foreign" FIELDS="moduleid" REFTABLE="modules" REFFIELDS="id"/>
        <KEY NAME="gradeitemid" TYPE="foreign" FIELDS="gradeitemid" REFTABLE="grade_items" REFFIELDS="id"/>
        <KEY NAME="gradeid" TYPE="foreign" FIELDS="gradeid" REFTABLE="grade_grades" REFFIELDS="id"/>
      </KEYS>
    </TABLE>
  </TABLES>
</XMLDB>
