<?xml version="1.0" encoding="UTF-8" ?>
<XMLDB PATH="mod/threesixo/db" VERSION="20190530" COMMENT="XMLDB file for Moodle mod/threesixo"
    xmlns:xsi="http://www.w3.org/2001/XMLSchema-instance"
    xsi:noNamespaceSchemaLocation="../../../lib/xmldb/xmldb.xsd"
>
  <TABLES>
    <TABLE NAME="threesixo" COMMENT="All 360-degree feedback instances">
      <FIELDS>
        <FIELD NAME="id" TYPE="int" LENGTH="10" NOTNULL="true" SEQUENCE="true"/>
        <FIELD NAME="course" TYPE="int" LENGTH="10" NOTNULL="true" DEFAULT="0" SEQUENCE="false"/>
        <FIELD NAME="name" TYPE="char" LENGTH="255" NOTNULL="true" SEQUENCE="false"/>
        <FIELD NAME="intro" TYPE="text" NOTNULL="true" SEQUENCE="false"/>
        <FIELD NAME="introformat" TYPE="int" LENGTH="4" NOTNULL="true" DEFAULT="0" SEQUENCE="false"/>
        <FIELD NAME="anonymous" TYPE="int" LENGTH="1" NOTNULL="true" DEFAULT="1" SEQUENCE="false"/>
        <FIELD NAME="participantrole" TYPE="int" LENGTH="1" NOTNULL="true" DEFAULT="0" SEQUENCE="false" COMMENT="The type of participants in the 360-degree feedback. 0 means all course participants. Otherwise, the role ID for a course role (e.g. student, teacher, editing teacher, etc.)."/>
        <FIELD NAME="email_notification" TYPE="int" LENGTH="1" NOTNULL="true" DEFAULT="1" SEQUENCE="false"/>
        <FIELD NAME="status" TYPE="int" LENGTH="1" NOTNULL="true" DEFAULT="0" SEQUENCE="false" COMMENT="Whether this 360 feedback activity is ready to be used by the participants. 0 - Not yet ready, 1 - Ready"/>
        <FIELD NAME="with_self_review" TYPE="int" LENGTH="1" NOTNULL="false" DEFAULT="0" SEQUENCE="false" COMMENT="Whether this has self-review. 0 - Disabled. 1 - Enabled."/>
        <FIELD NAME="timeopen" TYPE="int" LENGTH="10" NOTNULL="true" DEFAULT="0" SEQUENCE="false"/>
        <FIELD NAME="timeclose" TYPE="int" LENGTH="10" NOTNULL="true" DEFAULT="0" SEQUENCE="false"/>
        <FIELD NAME="timemodified" TYPE="int" LENGTH="10" NOTNULL="true" DEFAULT="0" SEQUENCE="false"/>
        <FIELD NAME="releasing" TYPE="int" LENGTH="2" NOTNULL="true" DEFAULT="0" SEQUENCE="false" COMMENT="Whether to release this feedback to the participants 0 - Closed to participants. Participants cannot view the feedback given to them. Only those with the capability. 1 - Open to participants. Participants can view the feedback given to them any time. 2 - Manual release. Participants can view the feedback given to them when released by users who have the capability to manage the 360 instance (e.g. teacher, manager, admin). 3 - Release after the activity has closed"/>
        <FIELD NAME="released" TYPE="int" LENGTH="1" NOTNULL="true" DEFAULT="0" SEQUENCE="false" COMMENT="For instances that are manually released. 0 = Not yet released. 1 = Released."/>
        <FIELD NAME="undodecline" TYPE="int" LENGTH="1" NOTNULL="true" DEFAULT="0" SEQUENCE="false" COMMENT="Whether to allow participants to undo their declined feedbacks to other users. 0 - Do not allow. 1 - Allow."/>
      </FIELDS>
      <KEYS>
        <KEY NAME="primary" TYPE="primary" FIELDS="id" COMMENT="Primary key for 360-degree feedback"/>
      </KEYS>
      <INDEXES>
        <INDEX NAME="course" UNIQUE="false" FIELDS="course"/>
      </INDEXES>
    </TABLE>
    <TABLE NAME="threesixo_item" COMMENT="360-degree feedback items">
      <FIELDS>
        <FIELD NAME="id" TYPE="int" LENGTH="10" NOTNULL="true" SEQUENCE="true"/>
        <FIELD NAME="threesixo" TYPE="int" LENGTH="10" NOTNULL="true" DEFAULT="0" SEQUENCE="false"/>
        <FIELD NAME="question" TYPE="int" LENGTH="10" NOTNULL="true" SEQUENCE="false"/>
        <FIELD NAME="position" TYPE="int" LENGTH="3" NOTNULL="true" DEFAULT="0" SEQUENCE="false"/>
      </FIELDS>
      <KEYS>
        <KEY NAME="primary" TYPE="primary" FIELDS="id" COMMENT="Primary key for feedback_item"/>
        <KEY NAME="threesixo" TYPE="foreign" FIELDS="threesixo" REFTABLE="threesixo" REFFIELDS="id"/>
      </KEYS>
    </TABLE>
    <TABLE NAME="threesixo_question" COMMENT="360-degree feedback question bank">
      <FIELDS>
        <FIELD NAME="id" TYPE="int" LENGTH="10" NOTNULL="true" SEQUENCE="true"/>
        <FIELD NAME="question" TYPE="char" LENGTH="255" NOTNULL="true" SEQUENCE="false"/>
        <FIELD NAME="type" TYPE="int" LENGTH="3" NOTNULL="true" DEFAULT="0" SEQUENCE="false"/>
      </FIELDS>
      <KEYS>
        <KEY NAME="primary" TYPE="primary" FIELDS="id" COMMENT="Primary key for the question item."/>
      </KEYS>
    </TABLE>
    <TABLE NAME="threesixo_submission" COMMENT="Contains all the statuses for the 360 feedback.">
      <FIELDS>
        <FIELD NAME="id" TYPE="int" LENGTH="10" NOTNULL="true" SEQUENCE="true"/>
        <FIELD NAME="threesixo" TYPE="int" LENGTH="10" NOTNULL="true" SEQUENCE="false" COMMENT="ID from feedback table."/>
        <FIELD NAME="fromuser" TYPE="int" LENGTH="10" NOTNULL="true" DEFAULT="0" SEQUENCE="false" COMMENT="User ID of the one giving feedback. 0 if anonymous mode."/>
        <FIELD NAME="touser" TYPE="int" LENGTH="10" NOTNULL="true" DEFAULT="0" SEQUENCE="false" COMMENT="User ID of the user that is being given feedback on."/>
        <FIELD NAME="status" TYPE="int" LENGTH="10" NOTNULL="true" DEFAULT="0" SEQUENCE="false" COMMENT="0 for unanswered, 1 for in progress, 2 for completed, 3 for declined"/>
        <FIELD NAME="remarks" TYPE="text" NOTNULL="false" SEQUENCE="false" COMMENT="Reason why the user declined to give feedback."/>
      </FIELDS>
      <KEYS>
        <KEY NAME="primary" TYPE="primary" FIELDS="id"/>
        <KEY NAME="threesixo" TYPE="foreign" FIELDS="threesixo" REFTABLE="threesixo" REFFIELDS="id"/>
      </KEYS>
    </TABLE>
    <TABLE NAME="threesixo_response" COMMENT="Contains all the responses for the 360 feedback items.">
      <FIELDS>
        <FIELD NAME="id" TYPE="int" LENGTH="10" NOTNULL="true" SEQUENCE="true"/>
        <FIELD NAME="threesixo" TYPE="int" LENGTH="10" NOTNULL="true" SEQUENCE="false" COMMENT="ID from feedback table."/>
        <FIELD NAME="item" TYPE="int" LENGTH="10" NOTNULL="true" SEQUENCE="false" COMMENT="ID from feedback_item table."/>
        <FIELD NAME="fromuser" TYPE="int" LENGTH="10" NOTNULL="true" DEFAULT="0" SEQUENCE="false" COMMENT="Hashed user ID of the one giving feedback."/>
        <FIELD NAME="touser" TYPE="int" LENGTH="10" NOTNULL="true" DEFAULT="0" SEQUENCE="false" COMMENT="Hashed user ID of the user that is being given feedback on."/>
        <FIELD NAME="value" TYPE="text" NOTNULL="false" SEQUENCE="false" COMMENT="Value for the response given on the feedback item."/>
      </FIELDS>
      <KEYS>
        <KEY NAME="primary" TYPE="primary" FIELDS="id"/>
        <KEY NAME="threesixo" TYPE="foreign" FIELDS="threesixo" REFTABLE="threesixo" REFFIELDS="id"/>
        <KEY NAME="item" TYPE="foreign" FIELDS="item" REFTABLE="threesixo_item" REFFIELDS="id"/>
      </KEYS>
    </TABLE>
  </TABLES>
</XMLDB>