<?xml version="1.0" encoding="UTF-8" ?>
<XMLDB PATH="mod/studentquiz/db" VERSION="20230727" COMMENT="mod_studentquiz database layout"
    xmlns:xsi="http://www.w3.org/2001/XMLSchema-instance"
    xsi:noNamespaceSchemaLocation="../../../lib/xmldb/xmldb.xsd"
>
  <TABLES>
    <TABLE NAME="studentquiz" COMMENT="studentquiz activity">
      <FIELDS>
        <FIELD NAME="id" TYPE="int" LENGTH="10" NOTNULL="true" SEQUENCE="true"/>
        <FIELD NAME="course" TYPE="int" LENGTH="10" NOTNULL="true" SEQUENCE="false" COMMENT="Course studentquiz activity belongs to"/>
        <FIELD NAME="coursemodule" TYPE="int" LENGTH="10" NOTNULL="true" SEQUENCE="false" COMMENT="Coursemodule studentquiz activity belongs to"/>
        <FIELD NAME="name" TYPE="char" LENGTH="255" NOTNULL="true" SEQUENCE="false" COMMENT="name field for moodle instances"/>
        <FIELD NAME="intro" TYPE="text" NOTNULL="true" SEQUENCE="false" COMMENT="General introduction of the studentquiz activity"/>
        <FIELD NAME="introformat" TYPE="int" LENGTH="4" NOTNULL="true" DEFAULT="0" SEQUENCE="false" COMMENT="Format of the intro field (MOODLE, HTML, MARKDOWN...)"/>
        <FIELD NAME="timecreated" TYPE="int" LENGTH="10" NOTNULL="true" SEQUENCE="false"/>
        <FIELD NAME="timemodified" TYPE="int" LENGTH="10" NOTNULL="true" DEFAULT="0" SEQUENCE="false"/>
        <FIELD NAME="grade" TYPE="int" LENGTH="10" NOTNULL="true" DEFAULT="100" SEQUENCE="false" COMMENT="The maximum grade. Can be negative to indicate the use of a scale."/>
        <FIELD NAME="anonymrank" TYPE="int" LENGTH="1" NOTNULL="true" DEFAULT="1" SEQUENCE="false" COMMENT="Setting to show ranking anonym or not."/>
        <FIELD NAME="questionquantifier" TYPE="int" LENGTH="10" NOTNULL="true" DEFAULT="0" SEQUENCE="false" COMMENT="Point factor multiplied with number of questions contributed"/>
        <FIELD NAME="approvedquantifier" TYPE="int" LENGTH="10" NOTNULL="true" DEFAULT="0" SEQUENCE="false" COMMENT="Point factor multiplied with the number of approved questions created"/>
        <FIELD NAME="ratequantifier" TYPE="int" LENGTH="10" NOTNULL="true" DEFAULT="0" SEQUENCE="false" COMMENT="Point factor multiplied with average rating per question"/>
        <FIELD NAME="correctanswerquantifier" TYPE="int" LENGTH="10" NOTNULL="true" DEFAULT="0" SEQUENCE="false" COMMENT="Point factor multiplied with number of correct answers"/>
        <FIELD NAME="incorrectanswerquantifier" TYPE="int" LENGTH="10" NOTNULL="true" DEFAULT="0" SEQUENCE="false" COMMENT="Point factor multiplied with number of incorrect answers"/>
        <FIELD NAME="allowedqtypes" TYPE="text" NOTNULL="true" SEQUENCE="false" COMMENT="Which question types are allowed"/>
        <FIELD NAME="aggregated" TYPE="int" LENGTH="1" NOTNULL="true" DEFAULT="0" SEQUENCE="false" COMMENT="Property if studentquiz instance is using aggregated values"/>
        <FIELD NAME="excluderoles" TYPE="text" NOTNULL="true" SEQUENCE="false" COMMENT="Property which system roles are excluded in the ranking"/>
        <FIELD NAME="forcerating" TYPE="int" LENGTH="1" NOTNULL="true" DEFAULT="0" SEQUENCE="false" COMMENT="Property if rating is enforced in question attempt"/>
        <FIELD NAME="forcecommenting" TYPE="int" LENGTH="1" NOTNULL="true" DEFAULT="0" SEQUENCE="false" COMMENT="Property if commenting is enforced in question attempt"/>
        <FIELD NAME="opensubmissionfrom" TYPE="int" LENGTH="10" NOTNULL="true" DEFAULT="0" SEQUENCE="false" COMMENT="If non-zero, then users cannot create questions to the StudentQuiz until the specified date"/>
        <FIELD NAME="closesubmissionfrom" TYPE="int" LENGTH="10" NOTNULL="true" DEFAULT="0" SEQUENCE="false" COMMENT="If non-zero, users cannot create questions to the StudentQuiz after the specified date"/>
        <FIELD NAME="openansweringfrom" TYPE="int" LENGTH="10" NOTNULL="true" DEFAULT="0" SEQUENCE="false" COMMENT="If non-zero, then users cannot attempt questions until the specified date"/>
        <FIELD NAME="closeansweringfrom" TYPE="int" LENGTH="10" NOTNULL="true" DEFAULT="0" SEQUENCE="false" COMMENT="If non-zero, users cannot attempt questions after the specified date"/>
        <FIELD NAME="publishnewquestion" TYPE="int" LENGTH="1" NOTNULL="true" DEFAULT="0" SEQUENCE="false" COMMENT="Setting to automatically publish new created question"/>
        <FIELD NAME="commentdeletionperiod" TYPE="int" LENGTH="10" NOTNULL="true" DEFAULT="10" SEQUENCE="false" COMMENT="Define deletion period for user can able to delete a comment."/>
        <FIELD NAME="reportingemail" TYPE="char" LENGTH="255" NOTNULL="false" SEQUENCE="false" COMMENT="Email address for reporting unacceptable comments"/>
        <FIELD NAME="digesttype" TYPE="int" LENGTH="1" NOTNULL="true" DEFAULT="0" SEQUENCE="false" COMMENT="Email digest type"/>
        <FIELD NAME="digestfirstday" TYPE="int" LENGTH="1" NOTNULL="true" DEFAULT="1" SEQUENCE="false" COMMENT="First day of week"/>
        <FIELD NAME="privatecommenting" TYPE="int" LENGTH="1" NOTNULL="true" DEFAULT="0" SEQUENCE="false" COMMENT="Property if studentquiz is enable private discussions"/>
        <FIELD NAME="completionpoint" TYPE="int" LENGTH="9" NOTNULL="true" DEFAULT="0" SEQUENCE="false" COMMENT="Nonzero if a certain minimum amount of points required to mark this forum complete for a user."/>
        <FIELD NAME="completionquestionpublished" TYPE="int" LENGTH="9" NOTNULL="true" DEFAULT="0" SEQUENCE="false" COMMENT="Nonzero if a certain minimum number of unique authored questions required to mark this forum complete for a user."/>
        <FIELD NAME="completionquestionapproved" TYPE="int" LENGTH="9" NOTNULL="true" DEFAULT="0" SEQUENCE="false" COMMENT="Nonzero if a certain minimum number of unique approved questions required to mark this forum complete for a user."/>
      </FIELDS>
      <KEYS>
        <KEY NAME="primary" TYPE="primary" FIELDS="id"/>
      </KEYS>
      <INDEXES>
        <INDEX NAME="course" UNIQUE="false" FIELDS="course"/>
        <INDEX NAME="coursemodule" UNIQUE="false" FIELDS="coursemodule"/>
      </INDEXES>
    </TABLE>
    <TABLE NAME="studentquiz_question" COMMENT="Store question related properties">
      <FIELDS>
        <FIELD NAME="id" TYPE="int" LENGTH="10" NOTNULL="true" SEQUENCE="true"/>
        <FIELD NAME="studentquizid" TYPE="int" LENGTH="10" NOTNULL="true" SEQUENCE="false"/>
        <FIELD NAME="state" TYPE="int" LENGTH="1" NOTNULL="true" DEFAULT="0" SEQUENCE="false" COMMENT="Property whether the question is approved, disapprove, new or changed."/>
        <FIELD NAME="hidden" TYPE="int" LENGTH="1" NOTNULL="true" DEFAULT="0" SEQUENCE="false" COMMENT="Property whether the question hidden or not."/>
        <FIELD NAME="pinned" TYPE="int" LENGTH="1" NOTNULL="true" DEFAULT="0" SEQUENCE="false" COMMENT="If set to 1, this question appears in a special area at the top of the question list."/>
        <FIELD NAME="groupid" TYPE="int" LENGTH="10" NOTNULL="true" DEFAULT="-1" SEQUENCE="false" COMMENT="Group id"/>
      </FIELDS>
      <KEYS>
        <KEY NAME="primary" TYPE="primary" FIELDS="id"/>
        <KEY NAME="studentquizid" TYPE="foreign" FIELDS="studentquizid" REFTABLE="studentquiz" REFFIELDS="id"/>
        <KEY NAME="groupid" TYPE="foreign" FIELDS="groupid" REFTABLE="groups" REFFIELDS="id" COMMENT="foreign references to groups"/>
      </KEYS>
    </TABLE>
    <TABLE NAME="studentquiz_rate" COMMENT="Store rates for questions">
      <FIELDS>
        <FIELD NAME="id" TYPE="int" LENGTH="10" NOTNULL="true" SEQUENCE="true"/>
        <FIELD NAME="rate" TYPE="int" LENGTH="10" NOTNULL="true" SEQUENCE="false"/>
        <FIELD NAME="studentquizquestionid" TYPE="int" LENGTH="10" NOTNULL="true" SEQUENCE="false" COMMENT="Id of studentquiz_question"/>
        <FIELD NAME="userid" TYPE="int" LENGTH="10" NOTNULL="true" SEQUENCE="false" COMMENT="Id of user"/>
      </FIELDS>
      <KEYS>
        <KEY NAME="primary" TYPE="primary" FIELDS="id"/>
        <KEY NAME="userid" TYPE="foreign" FIELDS="userid" REFTABLE="user" REFFIELDS="id"/>
        <KEY NAME="studentquizquestionid" TYPE="foreign" FIELDS="studentquizquestionid" REFTABLE="studentquiz_question" REFFIELDS="id"/>
      </KEYS>
    </TABLE>
    <TABLE NAME="studentquiz_progress" COMMENT="Store progress information of student with this question">
      <FIELDS>
        <FIELD NAME="id" TYPE="int" LENGTH="10" NOTNULL="true" SEQUENCE="true"/>
        <FIELD NAME="studentquizquestionid" TYPE="int" LENGTH="10" NOTNULL="true" SEQUENCE="false" COMMENT="Id of studentquiz_question"/>
        <FIELD NAME="userid" TYPE="int" LENGTH="10" NOTNULL="true" SEQUENCE="false" COMMENT="Id of user"/>
        <FIELD NAME="studentquizid" TYPE="int" LENGTH="10" NOTNULL="true" SEQUENCE="false" COMMENT="Id of studentquiz"/>
        <FIELD NAME="lastanswercorrect" TYPE="int" LENGTH="2" NOTNULL="true" SEQUENCE="false" COMMENT="0: last answer was wrong or undefined, 1: last answer was correct"/>
        <FIELD NAME="attempts" TYPE="int" LENGTH="10" NOTNULL="true" SEQUENCE="false" COMMENT="number of attempts to answer this question"/>
        <FIELD NAME="correctattempts" TYPE="int" LENGTH="10" NOTNULL="true" SEQUENCE="false" COMMENT="Number of correct answers"/>
        <FIELD NAME="lastreadprivatecomment" TYPE="int" LENGTH="10" NOTNULL="true" DEFAULT="0" SEQUENCE="false" COMMENT="Last time read private comment"/>
        <FIELD NAME="lastreadpubliccomment" TYPE="int" LENGTH="10" NOTNULL="true" DEFAULT="0" SEQUENCE="false" COMMENT="Last time read public comment"/>
      </FIELDS>
      <KEYS>
        <KEY NAME="primary" TYPE="primary" FIELDS="id"/>
        <KEY NAME="studentquizid-studentquizquestionid-userid" TYPE="unique" FIELDS="studentquizid, studentquizquestionid, userid"/>
        <KEY NAME="userid" TYPE="foreign" FIELDS="userid" REFTABLE="user" REFFIELDS="id"/>
        <KEY NAME="studentquizquestionid" TYPE="foreign" FIELDS="studentquizquestionid" REFTABLE="studentquiz_question" REFFIELDS="id"/>
        <KEY NAME="studentquizid" TYPE="foreign" FIELDS="studentquizid" REFTABLE="studentquiz" REFFIELDS="id"/>
      </KEYS>
    </TABLE>
    <TABLE NAME="studentquiz_comment" COMMENT="Store comments for questions">
      <FIELDS>
        <FIELD NAME="id" TYPE="int" LENGTH="10" NOTNULL="true" SEQUENCE="true"/>
        <FIELD NAME="comment" TYPE="text" NOTNULL="true" SEQUENCE="false"/>
        <FIELD NAME="studentquizquestionid" TYPE="int" LENGTH="10" NOTNULL="true" SEQUENCE="false" COMMENT="Id of studentquiz_question"/>
        <FIELD NAME="userid" TYPE="int" LENGTH="10" NOTNULL="true" SEQUENCE="false" COMMENT="Id of user"/>
        <FIELD NAME="created" TYPE="int" LENGTH="10" NOTNULL="true" SEQUENCE="false"/>
        <FIELD NAME="parentid" TYPE="int" LENGTH="10" NOTNULL="true" DEFAULT="0" SEQUENCE="false"/>
        <FIELD NAME="status" TYPE="int" LENGTH="4" NOTNULL="true" DEFAULT="0" SEQUENCE="false" COMMENT="Status of comment: 0 - created, 1 - edited, 2 - deleted."/>
        <FIELD NAME="type" TYPE="int" LENGTH="4" NOTNULL="true" DEFAULT="0" SEQUENCE="false" COMMENT="Type of comment: 0 - public comment, 1 - private comment"/>
        <FIELD NAME="timemodified" TYPE="int" LENGTH="10" NOTNULL="false" SEQUENCE="false" COMMENT="Time modified."/>
        <FIELD NAME="usermodified" TYPE="int" LENGTH="10" NOTNULL="true" DEFAULT="0" SEQUENCE="false"/>
      </FIELDS>
      <KEYS>
        <KEY NAME="primary" TYPE="primary" FIELDS="id"/>
        <KEY NAME="userid" TYPE="foreign" FIELDS="userid" REFTABLE="user" REFFIELDS="id"/>
        <KEY NAME="studentquizquestionid" TYPE="foreign" FIELDS="studentquizquestionid" REFTABLE="studentquiz_question" REFFIELDS="id"/>
        <KEY NAME="usermodified" TYPE="foreign" FIELDS="usermodified" REFTABLE="user" REFFIELDS="id"/>
      </KEYS>
      <INDEXES>
        <INDEX NAME="parentid" UNIQUE="false" FIELDS="parentid" COMMENT="Parent ID of comment index."/>
      </INDEXES>
    </TABLE>
    <TABLE NAME="studentquiz_comment_history" COMMENT="Store the history of comments.">
      <FIELDS>
        <FIELD NAME="id" TYPE="int" LENGTH="10" NOTNULL="true" SEQUENCE="true"/>
        <FIELD NAME="commentid" TYPE="int" LENGTH="10" NOTNULL="true" SEQUENCE="false" COMMENT="Id of the comment."/>
        <FIELD NAME="content" TYPE="text" NOTNULL="false" SEQUENCE="false" COMMENT="Content."/>
        <FIELD NAME="userid" TYPE="int" LENGTH="10" NOTNULL="true" SEQUENCE="false" COMMENT="User Id."/>
        <FIELD NAME="action" TYPE="int" LENGTH="4" NOTNULL="true" DEFAULT="0" SEQUENCE="false" COMMENT="Action: 0 - Create, 1 - Edit, 2 - Delete."/>
        <FIELD NAME="timemodified" TYPE="int" LENGTH="10" NOTNULL="true" SEQUENCE="false" COMMENT="Time modified."/>
      </FIELDS>
      <KEYS>
        <KEY NAME="primary" TYPE="primary" FIELDS="id"/>
        <KEY NAME="commentid" TYPE="foreign" FIELDS="commentid" REFTABLE="studentquiz_comment" REFFIELDS="id"/>
        <KEY NAME="userid" TYPE="foreign" FIELDS="userid" REFTABLE="user" REFFIELDS="id"/>
      </KEYS>
    </TABLE>
    <TABLE NAME="studentquiz_attempt" COMMENT="Represents a users attempt to answer a set of questions">
      <FIELDS>
        <FIELD NAME="id" TYPE="int" LENGTH="10" NOTNULL="true" SEQUENCE="true"/>
        <FIELD NAME="studentquizid" TYPE="int" LENGTH="10" NOTNULL="true" SEQUENCE="false"/>
        <FIELD NAME="userid" TYPE="int" LENGTH="10" NOTNULL="true" SEQUENCE="false"/>
        <FIELD NAME="questionusageid" TYPE="int" LENGTH="10" NOTNULL="true" SEQUENCE="false"/>
        <FIELD NAME="categoryid" TYPE="int" LENGTH="10" NOTNULL="true" SEQUENCE="false"/>
        <FIELD NAME="ids" TYPE="text" NOTNULL="false" SEQUENCE="false"/>
      </FIELDS>
      <KEYS>
        <KEY NAME="primary" TYPE="primary" FIELDS="id"/>
        <KEY NAME="studentquizid" TYPE="foreign" FIELDS="studentquizid" REFTABLE="studentquiz" REFFIELDS="id"/>
        <KEY NAME="userid" TYPE="foreign" FIELDS="userid" REFTABLE="user" REFFIELDS="id"/>
        <KEY NAME="questionusageid" TYPE="foreign" FIELDS="questionusageid" REFTABLE="question_usages" REFFIELDS="id"/>
        <KEY NAME="categoryid" TYPE="foreign" FIELDS="categoryid" REFTABLE="question_categories" REFFIELDS="id"/>
      </KEYS>
    </TABLE>
    <TABLE NAME="studentquiz_notification" COMMENT="Notification queue">
      <FIELDS>
        <FIELD NAME="id" TYPE="int" LENGTH="10" NOTNULL="true" SEQUENCE="true"/>
        <FIELD NAME="studentquizid" TYPE="int" LENGTH="10" NOTNULL="true" SEQUENCE="false" COMMENT="StudentQuiz id"/>
        <FIELD NAME="content" TYPE="text" NOTNULL="true" SEQUENCE="false" COMMENT="Notification content JSON-encoded"/>
        <FIELD NAME="recipientid" TYPE="int" LENGTH="10" NOTNULL="true" SEQUENCE="false" COMMENT="Recipient Id"/>
        <FIELD NAME="status" TYPE="int" LENGTH="1" NOTNULL="true" DEFAULT="0" SEQUENCE="false" COMMENT="Status of the notification"/>
        <FIELD NAME="timetosend" TYPE="int" LENGTH="10" NOTNULL="true" DEFAULT="0" SEQUENCE="false" COMMENT="Time to send the notification"/>
      </FIELDS>
      <KEYS>
        <KEY NAME="primary" TYPE="primary" FIELDS="id"/>
        <KEY NAME="studentquizid" TYPE="foreign" FIELDS="studentquizid" REFTABLE="studentquiz" REFFIELDS="id"/>
        <KEY NAME="recipientid" TYPE="foreign" FIELDS="recipientid" REFTABLE="user" REFFIELDS="id"/>
      </KEYS>
    </TABLE>
    <TABLE NAME="studentquiz_state_history" COMMENT="Store the history of question's states.">
      <FIELDS>
        <FIELD NAME="id" TYPE="int" LENGTH="10" NOTNULL="true" SEQUENCE="true"/>
        <FIELD NAME="studentquizquestionid" TYPE="int" LENGTH="10" NOTNULL="true" SEQUENCE="false" COMMENT="Id of studentquiz_question"/>
        <FIELD NAME="userid" TYPE="int" LENGTH="10" NOTNULL="false" SEQUENCE="false" COMMENT="Id of user"/>
        <FIELD NAME="state" TYPE="int" LENGTH="4" NOTNULL="true" SEQUENCE="false"/>
        <FIELD NAME="timecreated" TYPE="int" LENGTH="10" NOTNULL="true" SEQUENCE="false" COMMENT="Time modified."/>
      </FIELDS>
      <KEYS>
        <KEY NAME="primary" TYPE="primary" FIELDS="id"/>
        <KEY NAME="studentquizquestionid" TYPE="foreign" FIELDS="studentquizquestionid" REFTABLE="studentquiz_question" REFFIELDS="id"/>
        <KEY NAME="userid" TYPE="foreign" FIELDS="userid" REFTABLE="user" REFFIELDS="id"/>
      </KEYS>
    </TABLE>
  </TABLES>
</XMLDB>
