<?xml version="1.0" encoding="UTF-8" ?>
<XMLDB PATH="theme/boost_union/db" VERSION="20200525" COMMENT="XMLDB file for Moodle theme/boost_union"
    xmlns:xsi="http://www.w3.org/2001/XMLSchema-instance"
    xsi:noNamespaceSchemaLocation="../../../lib/xmldb/xmldb.xsd"
>
  <TABLES>
    <TABLE NAME="theme_boost_union_flavours" COMMENT="Flavour definitions">
      <FIELDS>
        <FIELD NAME="id" TYPE="int" LENGTH="10" NOTNULL="true" SEQUENCE="true"/>
        <FIELD NAME="title" TYPE="char" LENGTH="255" NOTNULL="true" SEQUENCE="false"/>
        <FIELD NAME="description" TYPE="text" NOTNULL="false" SEQUENCE="false"/>
        <FIELD NAME="description_format" TYPE="int" LENGTH="2" NOTNULL="false" SEQUENCE="false"/>
        <FIELD NAME="sort" TYPE="int" LENGTH="10" NOTNULL="false" SEQUENCE="false"/>
        <FIELD NAME="applytocohorts" TYPE="int" LENGTH="1" NOTNULL="false" SEQUENCE="false"/>
        <FIELD NAME="applytocohorts_ids" TYPE="text" NOTNULL="false" SEQUENCE="false"/>
        <FIELD NAME="applytocategories" TYPE="int" LENGTH="1" NOTNULL="false" SEQUENCE="false"/>
        <FIELD NAME="applytocategories_ids" TYPE="text" NOTNULL="false" SEQUENCE="false"/>
        <FIELD NAME="applytocategories_subcats" TYPE="int" LENGTH="1" NOTNULL="false" SEQUENCE="false"/>
        <FIELD NAME="look_logo" TYPE="char" LENGTH="255" NOTNULL="false" SEQUENCE="false"/>
        <FIELD NAME="look_logocompact" TYPE="char" LENGTH="255" NOTNULL="false" SEQUENCE="false"/>
        <FIELD NAME="look_favicon" TYPE="char" LENGTH="255" NOTNULL="false" SEQUENCE="false"/>
        <FIELD NAME="look_backgroundimage" TYPE="char" LENGTH="255" NOTNULL="false" SEQUENCE="false"/>
        <FIELD NAME="look_rawscss" TYPE="text" NOTNULL="false" SEQUENCE="false"/>
      </FIELDS>
      <KEYS>
        <KEY NAME="primary" TYPE="primary" FIELDS="id"/>
      </KEYS>
    </TABLE>
    <TABLE NAME="theme_boost_union_menus" COMMENT="Table to store smart menu data">
      <FIELDS>
        <FIELD NAME="id" TYPE="int" LENGTH="18" NOTNULL="true" SEQUENCE="true"/>
        <FIELD NAME="title" TYPE="char" LENGTH="255" NOTNULL="false" SEQUENCE="false"/>
        <FIELD NAME="description" TYPE="text" NOTNULL="false" SEQUENCE="false"/>
        <FIELD NAME="description_format" TYPE="int" LENGTH="9" NOTNULL="false" SEQUENCE="false"/>
        <FIELD NAME="showdesc" TYPE="int" LENGTH="9" NOTNULL="false" SEQUENCE="false"/>
        <FIELD NAME="sortorder" TYPE="int" LENGTH="18" NOTNULL="false" SEQUENCE="false"/>
        <FIELD NAME="location" TYPE="char" LENGTH="50" NOTNULL="true" SEQUENCE="false"/>
        <FIELD NAME="type" TYPE="int" LENGTH="9" NOTNULL="true" DEFAULT="1" SEQUENCE="false"/>
        <FIELD NAME="mode" TYPE="int" LENGTH="9" NOTNULL="false" DEFAULT="1" SEQUENCE="false"/>
        <FIELD NAME="cssclass" TYPE="char" LENGTH="50" NOTNULL="false" SEQUENCE="false"/>
        <FIELD NAME="moremenubehavior" TYPE="int" LENGTH="9" NOTNULL="false" SEQUENCE="false"/>
        <FIELD NAME="cardsize" TYPE="int" LENGTH="9" NOTNULL="false" SEQUENCE="false"/>
        <FIELD NAME="cardform" TYPE="int" LENGTH="9" NOTNULL="false" SEQUENCE="false"/>
        <FIELD NAME="cardoverflowbehavior" TYPE="int" LENGTH="9" NOTNULL="false" SEQUENCE="false"/>
        <FIELD NAME="roles" TYPE="text" NOTNULL="false" SEQUENCE="false"/>
        <FIELD NAME="rolecontext" TYPE="int" LENGTH="9" NOTNULL="false" SEQUENCE="false"/>
        <FIELD NAME="cohorts" TYPE="text" NOTNULL="false" SEQUENCE="false"/>
        <FIELD NAME="operator" TYPE="int" LENGTH="9" NOTNULL="false" SEQUENCE="false"/>
        <FIELD NAME="languages" TYPE="text" NOTNULL="false" SEQUENCE="false"/>
        <FIELD NAME="start_date" TYPE="int" LENGTH="18" NOTNULL="false" SEQUENCE="false"/>
        <FIELD NAME="end_date" TYPE="int" LENGTH="18" NOTNULL="false" SEQUENCE="false"/>
        <FIELD NAME="visible" TYPE="int" LENGTH="9" NOTNULL="true" DEFAULT="1" SEQUENCE="false"/>
        <FIELD NAME="byadmin" TYPE="int" LENGTH="9" NOTNULL="true" DEFAULT="0" SEQUENCE="false"/>
      </FIELDS>
      <KEYS>
        <KEY NAME="primary" TYPE="primary" FIELDS="id"/>
      </KEYS>
    </TABLE>
    <TABLE NAME="theme_boost_union_menuitems" COMMENT="Table to store smart menu item data">
      <FIELDS>
        <FIELD NAME="id" TYPE="int" LENGTH="18" NOTNULL="true" SEQUENCE="true"/>
        <FIELD NAME="title" TYPE="char" LENGTH="255" NOTNULL="false" SEQUENCE="false"/>
        <FIELD NAME="menu" TYPE="int" LENGTH="18" NOTNULL="true" SEQUENCE="false"/>
        <FIELD NAME="type" TYPE="int" LENGTH="9" NOTNULL="false" DEFAULT="1" SEQUENCE="false"/>
        <FIELD NAME="sortorder" TYPE="int" LENGTH="18" NOTNULL="false" SEQUENCE="false"/>
        <FIELD NAME="url" TYPE="text" NOTNULL="false" SEQUENCE="false"/>
        <FIELD NAME="category" TYPE="text" NOTNULL="false" SEQUENCE="false"/>
        <FIELD NAME="category_subcats" TYPE="int" LENGTH="1" NOTNULL="false" SEQUENCE="false"/>
        <FIELD NAME="enrolmentrole" TYPE="text" NOTNULL="false" SEQUENCE="false"/>
        <FIELD NAME="completionstatus" TYPE="char" LENGTH="20" NOTNULL="false" SEQUENCE="false"/>
        <FIELD NAME="daterange" TYPE="char" LENGTH="20" NOTNULL="false" SEQUENCE="false"/>
        <FIELD NAME="customfields" TYPE="text" NOTNULL="false" SEQUENCE="false"/>
        <FIELD NAME="listsort" TYPE="int" LENGTH="9" NOTNULL="false" SEQUENCE="false"/>
        <FIELD NAME="displayfield" TYPE="int" LENGTH="9" NOTNULL="false" SEQUENCE="false"/>
        <FIELD NAME="textcount" TYPE="int" LENGTH="9" NOTNULL="false" SEQUENCE="false"/>
        <FIELD NAME="mode" TYPE="int" LENGTH="9" NOTNULL="true" SEQUENCE="false"/>
        <FIELD NAME="menuicon" TYPE="char" LENGTH="50" NOTNULL="false" SEQUENCE="false"/>
        <FIELD NAME="display" TYPE="int" LENGTH="9" NOTNULL="false" SEQUENCE="false"/>
        <FIELD NAME="tooltip" TYPE="char" LENGTH="255" NOTNULL="false" SEQUENCE="false"/>
        <FIELD NAME="target" TYPE="int" LENGTH="9" NOTNULL="false" SEQUENCE="false"/>
        <FIELD NAME="cssclass" TYPE="char" LENGTH="50" NOTNULL="false" SEQUENCE="false"/>
        <FIELD NAME="textposition" TYPE="int" LENGTH="9" NOTNULL="false" DEFAULT="0" SEQUENCE="false"/>
        <FIELD NAME="textcolor" TYPE="char" LENGTH="10" NOTNULL="false" SEQUENCE="false"/>
        <FIELD NAME="backgroundcolor" TYPE="char" LENGTH="10" NOTNULL="false" SEQUENCE="false"/>
        <FIELD NAME="desktop" TYPE="int" LENGTH="9" NOTNULL="false" DEFAULT="1" SEQUENCE="false"/>
        <FIELD NAME="tablet" TYPE="int" LENGTH="9" NOTNULL="false" DEFAULT="1" SEQUENCE="false"/>
        <FIELD NAME="mobile" TYPE="int" LENGTH="9" NOTNULL="false" DEFAULT="1" SEQUENCE="false"/>
        <FIELD NAME="roles" TYPE="text" NOTNULL="false" SEQUENCE="false"/>
        <FIELD NAME="rolecontext" TYPE="int" LENGTH="9" NOTNULL="false" DEFAULT="1" SEQUENCE="false"/>
        <FIELD NAME="cohorts" TYPE="text" NOTNULL="false" SEQUENCE="false"/>
        <FIELD NAME="operator" TYPE="int" LENGTH="9" NOTNULL="false" DEFAULT="1" SEQUENCE="false"/>
        <FIELD NAME="languages" TYPE="text" NOTNULL="false" SEQUENCE="false"/>
        <FIELD NAME="start_date" TYPE="int" LENGTH="18" NOTNULL="false" SEQUENCE="false"/>
        <FIELD NAME="end_date" TYPE="int" LENGTH="18" NOTNULL="false" SEQUENCE="false"/>
        <FIELD NAME="visible" TYPE="int" LENGTH="9" NOTNULL="true" DEFAULT="1" SEQUENCE="false"/>
        <FIELD NAME="timemodified" TYPE="int" LENGTH="18" NOTNULL="false" SEQUENCE="false"/>
        <FIELD NAME="byadmin" TYPE="int" LENGTH="9" NOTNULL="true" DEFAULT="0" SEQUENCE="false"/>
      </FIELDS>
      <KEYS>
        <KEY NAME="primary" TYPE="primary" FIELDS="id"/>
      </KEYS>
    </TABLE>
  </TABLES>
</XMLDB>
