<?xml version="1.0" encoding="UTF-8" ?>
<XMLDB PATH="local/catquiz/db" VERSION="20221200" COMMENT="XMLDB file for Moodle local/catquiz"
    xmlns:xsi="http://www.w3.org/2001/XMLSchema-instance"
    xsi:noNamespaceSchemaLocation="../../../lib/xmldb/xmldb.xsd"
>
  <TABLES>
    <TABLE NAME="local_catquiz" COMMENT="Catquiz settings table">
      <FIELDS>
        <FIELD NAME="id" TYPE="int" LENGTH="10" NOTNULL="true" SEQUENCE="true"/>
        <FIELD NAME="componentname" TYPE="char" LENGTH="255" NOTNULL="false" SEQUENCE="false" COMMENT="Component name settings are applicable"/>
        <FIELD NAME="componentid" TYPE="int" LENGTH="10" NOTNULL="false" SEQUENCE="false" COMMENT="Id of the instance of the component"/>
        <FIELD NAME="adaptivemodel" TYPE="int" LENGTH="2" NOTNULL="false" SEQUENCE="false"
               COMMENT="Algorithm type used to calculate the next question displayed to user. If 0 the engine is inactive."/>
        <FIELD NAME="catscaleids" TYPE="char" LENGTH="255" NOTNULL="false" SEQUENCE="false" COMMENT="Comma separated ids of catscales to be used"/>
      </FIELDS>
      <KEYS>
        <KEY NAME="primary" TYPE="primary" FIELDS="id"/>
      </KEYS>
    </TABLE>
    <TABLE NAME="local_catquiz_catscales" COMMENT="Catquiz catscales table">
      <FIELDS>
        <FIELD NAME="id" TYPE="int" LENGTH="10" NOTNULL="true" SEQUENCE="true"/>
        <FIELD NAME="parentid" TYPE="int" LENGTH="10" NOTNULL="true" DEFAULT="0" SEQUENCE="false" COMMENT="id of the parent catscale, 0 if this is a top-level catscale"/>
        <FIELD NAME="label" TYPE="char" LENGTH="255" NOTNULL="false" SEQUENCE="false" COMMENT="Unique catscale label, e.g. CAT-Math_V.01"/> <!-- TODO: To be implemented and made UNIQUE -->
        <FIELD NAME="name" TYPE="char" LENGTH="255" NOTNULL="false" SEQUENCE="false" COMMENT="Unique catscale name, e.g. BASIC MATHEMATIC"/>
        <FIELD NAME="description" TYPE="text" NOTNULL="false" SEQUENCE="false" COMMENT="Description of the catscale"/>
        <FIELD NAME="contextid" TYPE="int" LENGTH="10" NOTNULL="false" SEQUENCE="false" COMMENT="Context selected by default for this scale."/>
        <FIELD NAME="minscalevalue" TYPE="number" LENGTH="10" NOTNULL="false" SEQUENCE="false" DECIMALS="2" COMMENT="min scale value"/>
        <FIELD NAME="maxscalevalue" TYPE="number" LENGTH="10" NOTNULL="false" SEQUENCE="false" DECIMALS="2" COMMENT="max scale value"/>
        <FIELD NAME="timecreated" TYPE="int" LENGTH="10" NOTNULL="false" DEFAULT="0" SEQUENCE="false" />
        <FIELD NAME="timemodified" TYPE="int" LENGTH="10" NOTNULL="false" DEFAULT="0" SEQUENCE="false" />
      </FIELDS>
      <KEYS>
        <KEY NAME="primary" TYPE="primary" FIELDS="id"/>
        <KEY NAME="contextid" TYPE="foreign" FIELDS="contextid" REFTABLE="local_catquiz_catcontext" REFFIELDS="id"/>
      </KEYS>
      <INDEXES>
        <INDEX NAME="parentid" UNIQUE="false" FIELDS="parentid"/>
        <INDEX NAME="contextid" UNIQUE="false" FIELDS="contextid"/>
      </INDEXES>
    </TABLE>
    <TABLE NAME="local_catquiz_subscriptions" COMMENT="Handle subscriptions to different data records in catquiz">
      <FIELDS>
        <FIELD NAME="id" TYPE="int" LENGTH="10" NOTNULL="true" SEQUENCE="true"/>
        <FIELD NAME="userid" TYPE="int" LENGTH="10" NOTNULL="false" DEFAULT="0" SEQUENCE="false" COMMENT="userid"/>
        <FIELD NAME="itemid" TYPE="int" LENGTH="10" NOTNULL="false" DEFAULT="0" SEQUENCE="false" COMMENT="itemid"/>
        <FIELD NAME="area" TYPE="char" LENGTH="255" NOTNULL="false" SEQUENCE="false" COMMENT="area, to allow subscriptions for different record types"/>
        <FIELD NAME="status" TYPE="int" LENGTH="10" NOTNULL="false" DEFAULT="0" SEQUENCE="false" COMMENT="status"/>
        <FIELD NAME="usermodified" TYPE="int" LENGTH="10" NOTNULL="true" DEFAULT="0" SEQUENCE="false"/>
        <FIELD NAME="timecreated" TYPE="int" LENGTH="10" NOTNULL="true" DEFAULT="0" SEQUENCE="false"/>
        <FIELD NAME="timemodified" TYPE="int" LENGTH="10" NOTNULL="true" DEFAULT="0" SEQUENCE="false"/>
      </FIELDS>
      <KEYS>
        <KEY NAME="primary" TYPE="primary" FIELDS="id"/>
        <KEY NAME="usermodified" TYPE="foreign" FIELDS="usermodified" REFTABLE="user" REFFIELDS="id"/>
        <KEY NAME="itemid" TYPE="foreign" FIELDS="itemid" REFTABLE="local_catquiz_items" REFFIELDS="id"/>
      </KEYS>
      <INDEXES>
        <INDEX NAME="subscription" UNIQUE="true" FIELDS="userid,itemid,area"/>
        <INDEX NAME="userid" UNIQUE="false" FIELDS="userid"/>
        <INDEX NAME="itemid" UNIQUE="false" FIELDS="itemid"/>
      </INDEXES>
    </TABLE>
    <TABLE NAME="local_catquiz_tests" COMMENT="Handle tests for catquiz">
      <FIELDS>
        <FIELD NAME="id" TYPE="int" LENGTH="10" NOTNULL="true" SEQUENCE="true"/>
          <FIELD NAME="parentid" TYPE="int" LENGTH="10" NOTNULL="false" SEQUENCE="false" COMMENT="A record from this table as parent."/>  <!-- TODO: To be decided and evtl. removed -->
          <FIELD NAME="componentid" TYPE="int" LENGTH="10" NOTNULL="false" SEQUENCE="false" COMMENT="Corresponds to the instance id of a certain test component."/>
          <FIELD NAME="component" TYPE="char" LENGTH="255" NOTNULL="false" DEFAULT="" SEQUENCE="false" COMMENT="Name of plugin which uses this environment"/>  <!-- TODO: rename to comonentname! -->
          <FIELD NAME="catscaleid" TYPE="int" LENGTH="10" NOTNULL="false" SEQUENCE="false" COMMENT="ID from local catquiz catscales table"/>
          <FIELD NAME="courseid" TYPE="int" LENGTH="10" NOTNULL="false" SEQUENCE="false"/>
          <FIELD NAME="name" TYPE="char" LENGTH="255" NOTNULL="false" DEFAULT="0" SEQUENCE="false" COMMENT="Name of test environment"/>
          <FIELD NAME="description" TYPE="text" NOTNULL="false" SEQUENCE="false" COMMENT="Description of the test environment"/>
          <FIELD NAME="descriptionformat" TYPE="int" LENGTH="2" NOTNULL="false" DEFAULT="1" SEQUENCE="false" COMMENT="Description format"/>
          <FIELD NAME="json" TYPE="text" NOTNULL="false" SEQUENCE="false" COMMENT="Actual test settings in json format"/>
          <FIELD NAME="status" TYPE="int" LENGTH="2" NOTNULL="true" DEFAULT="1" SEQUENCE="false" COMMENT="Any state like active, deleted, to be reviewed etc, as int. 1 is active, 0, is deleted."/>
          <FIELD NAME="timecreated" TYPE="int" LENGTH="10" NOTNULL="true" DEFAULT="0" SEQUENCE="false"/>
          <FIELD NAME="timemodified" TYPE="int" LENGTH="10" NOTNULL="true" DEFAULT="0" SEQUENCE="false"/>
      </FIELDS>
      <KEYS>
        <KEY NAME="primary" TYPE="primary" FIELDS="id"/>
        <KEY NAME="catscaleid" TYPE="foreign" FIELDS="catscaleid" REFTABLE="local_catquiz_catscales" REFFIELDS="id"/>
        <KEY NAME="courseid" TYPE="foreign" FIELDS="courseid" REFTABLE="course" REFFIELDS="id"/>
      </KEYS>
      <INDEXES>
        <INDEX NAME="component" UNIQUE="false" FIELDS="componentid,component"/>
        <INDEX NAME="catscaleid" UNIQUE="false" FIELDS="catscaleid"/>
        <INDEX NAME="courseid" UNIQUE="false" FIELDS="courseid"/>
      </INDEXES>
    </TABLE>
    <TABLE NAME="local_catquiz_catcontext" COMMENT="The catcontext holds all the settings for a new calculation of item params or person abilities">
      <FIELDS>
        <FIELD NAME="id" TYPE="int" LENGTH="10" NOTNULL="true" SEQUENCE="true"/>
        <FIELD NAME="parentid" TYPE="int" LENGTH="10" NOTNULL="false" SEQUENCE="false" COMMENT="id of the parent catcontext, 1 if this is the top-level (standard) catcontext"/>   <!-- TODO: To be decided and to be implemented -->
        <FIELD NAME="name" TYPE="char" LENGTH="255" NOTNULL="false" SEQUENCE="false" COMMENT="Name of the context."/>
        <FIELD NAME="description" TYPE="text" NOTNULL="false" SEQUENCE="false"/>
        <FIELD NAME="descriptionformat" TYPE="int" LENGTH="2" NOTNULL="false" SEQUENCE="false"/>
        <FIELD NAME="starttimestamp" TYPE="int" LENGTH="10" NOTNULL="false" DEFAULT="0" SEQUENCE="false" COMMENT="Starttime to take into consideration"/>
        <FIELD NAME="endtimestamp" TYPE="int" LENGTH="10" NOTNULL="false" DEFAULT="0" SEQUENCE="false" COMMENT="End time to take into consideration"/>
        <FIELD NAME="json" TYPE="text" NOTNULL="false" SEQUENCE="false" COMMENT="Additional values which define this context."/>
        <FIELD NAME="usermodified" TYPE="int" LENGTH="10" NOTNULL="true" DEFAULT="0" SEQUENCE="false"/>
        <FIELD NAME="timecreated" TYPE="int" LENGTH="10" NOTNULL="true" DEFAULT="0" SEQUENCE="false"/>
        <FIELD NAME="timemodified" TYPE="int" LENGTH="10" NOTNULL="true" DEFAULT="0" SEQUENCE="false"/>
        <FIELD NAME="timecalculated" TYPE="int" LENGTH="10" NOTNULL="true" DEFAULT="0" SEQUENCE="false"/>
      </FIELDS>
      <KEYS>
        <KEY NAME="primary" TYPE="primary" FIELDS="id"/>
        <KEY NAME="usermodified" TYPE="foreign" FIELDS="usermodified" REFTABLE="user" REFFIELDS="id"/>
      </KEYS>
      <INDEXES>
        <INDEX NAME="parentid" UNIQUE="false" FIELDS="parentid"/>
      </INDEXES>
    </TABLE>
    <TABLE NAME="local_catquiz_items" COMMENT="Catquiz items">
      <FIELDS>
        <FIELD NAME="id" TYPE="int" LENGTH="10" NOTNULL="true" SEQUENCE="true"/>
        <FIELD NAME="componentname" TYPE="char" LENGTH="255" NOTNULL="false" SEQUENCE="false" COMMENT="Name of the component the item belongs to. Usually this is qtype"/>
        <FIELD NAME="componentid" TYPE="int" LENGTH="10" NOTNULL="false" DEFAULT="0" SEQUENCE="false"/>
        <FIELD NAME="catscaleid" TYPE="int" LENGTH="10" NOTNULL="false" DEFAULT="0" SEQUENCE="false"/>
        <FIELD NAME="contextid" TYPE="int" LENGTH="10" NOTNULL="false" SEQUENCE="false"/>   <!-- TODO: To be decided and to be implemented -->
        <FIELD NAME="activeparamid" TYPE="int" LENGTH="10" NOTNULL="false" SEQUENCE="false"/>
        <FIELD NAME="lastupdated" TYPE="int" LENGTH="2" NOTNULL="false" SEQUENCE="false" COMMENT="The last time difficulty, etc. have been updated."/>
        <FIELD NAME="status" TYPE="int" LENGTH="2" NOTNULL="false" DEFAULT="0" SEQUENCE="false" COMMENT="in regard to catscale"/>
      </FIELDS>
      <KEYS>
        <KEY NAME="primary" TYPE="primary" FIELDS="id"/>
        <KEY NAME="catscaleid" TYPE="foreign" FIELDS="catscaleid" REFTABLE="local_catquiz_catscales" REFFIELDS="id"/>
        <KEY NAME="contextid" TYPE="foreign" FIELDS="contextid" REFTABLE="local_catquiz_catcontext" REFFIELDS="id"/>
        <KEY NAME="activeparamid" TYPE="foreign" FIELDS="activeparamid" REFTABLE="local_catquiz_item_params" REFFIELDS="id"/>
      </KEYS>
      <INDEXES>
        <INDEX NAME="component" UNIQUE="false" FIELDS="componentid,componentname"/>
        <INDEX NAME="componentid" UNIQUE="false" FIELDS="componentid"/>
        <INDEX NAME="catscaleid" UNIQUE="false" FIELDS="catscaleid"/>
        <INDEX NAME="contextid" UNIQUE="false" FIELDS="contextid"/>
        <INDEX NAME="activeparamid" UNIQUE="false" FIELDS="activeparamid"/>
      </INDEXES>
    </TABLE>
    <TABLE NAME="local_catquiz_itemparams" COMMENT="Store cat item parameters">
      <FIELDS>
        <FIELD NAME="id" TYPE="int" LENGTH="10" NOTNULL="true" SEQUENCE="true"/>
        <FIELD NAME="itemid" TYPE="int" LENGTH="10" NOTNULL="false" SEQUENCE="false" COMMENT="id of catquiz_items"/>
        <FIELD NAME="componentid" TYPE="int" LENGTH="10" NOTNULL="false" DEFAULT="0" SEQUENCE="false"/>
        <FIELD NAME="componentname" TYPE="char" LENGTH="255" NOTNULL="false" SEQUENCE="false" COMMENT="Name of the component the item belongs to. Usually this is qtype"/>
        <FIELD NAME="contextid" TYPE="int" LENGTH="10" NOTNULL="false" DEFAULT="0" SEQUENCE="false" COMMENT="References a cat context"/>
        <FIELD NAME="model" TYPE="char" LENGTH="255" NOTNULL="false" SEQUENCE="false"/>
        <FIELD NAME="difficulty" TYPE="number" LENGTH="10" NOTNULL="false" DEFAULT = "0" SEQUENCE="false" DECIMALS="4" COMMENT="overall difficulty of item"/>
        <FIELD NAME="discrimination" TYPE="number" LENGTH="10" NOTNULL="false" DEFAULT = "0" SEQUENCE="false" DECIMALS="4" COMMENT="overall discriminatory o´power of item"/>
        <FIELD NAME="guessing" TYPE="number" LENGTH="10" NOTNULL="false" DEFAULT = "0" SEQUENCE="false" DECIMALS="4" COMMENT="overall influence of guessing on probability of successful solution of item"/>
        <FIELD NAME="json" TYPE="text" NOTNULL="false" SEQUENCE="false" COMMENT="values for item paramters"/> <!-- TODO: To be implemented soon -->
        <FIELD NAME="status" TYPE="int" LENGTH="2" NOTNULL="true" DEFAULT="0" SEQUENCE="false"/>
        <FIELD NAME="timecreated" TYPE="int" LENGTH="10" NOTNULL="true" DEFAULT="0" SEQUENCE="false"/>
        <FIELD NAME="timemodified" TYPE="int" LENGTH="10" NOTNULL="true" DEFAULT="0" SEQUENCE="false"/>
      </FIELDS>
      <KEYS>
        <KEY NAME="primary" TYPE="primary" FIELDS="id"/>
        <KEY NAME="contextid" TYPE="foreign" FIELDS="contextid" REFTABLE="local_catquiz_catcontext" REFFIELDS="id"/>
      </KEYS>
      <INDEXES>
        <INDEX NAME="uniqueitemparam" UNIQUE="true" FIELDS="itemid,contextid,model"/>
        <INDEX NAME="itemid" UNIQUE="false" FIELDS="itemid"/>
        <INDEX NAME="contextid" UNIQUE="false" FIELDS="contextid"/>
      </INDEXES>
    </TABLE>
    <TABLE NAME="local_catquiz_personparams" COMMENT="Table to save person params dependent on contexts">
      <FIELDS>
        <FIELD NAME="id" TYPE="int" LENGTH="10" NOTNULL="true" SEQUENCE="true"/>
        <FIELD NAME="userid" TYPE="int" LENGTH="10" NOTNULL="true" DEFAULT = "0" SEQUENCE="false" COMMENT="User id"/>
        <FIELD NAME="catscaleid" TYPE="int" LENGTH="10" NOTNULL="true" DEFAULT="0" SEQUENCE="false"/>
        <FIELD NAME="contextid" TYPE="int" LENGTH="10" NOTNULL="false" SEQUENCE="false" COMMENT="Cat context"/>
        <FIELD NAME="attemptid" TYPE="int" LENGTH="10" NOTNULL="false" SEQUENCE="false" COMMENT="Identifies the attempt"/>   <!-- TODO: To be decided and to be implemented -->
        <FIELD NAME="ability" TYPE="number" LENGTH="10" NOTNULL="false" SEQUENCE="false" DECIMALS="4" COMMENT="person ability in given catscale"/>
        <FIELD NAME="standarderror" TYPE="number" LENGTH="10" NOTNULL="false" SEQUENCE="false" DECIMALS="4" COMMENT="standard error of measurement"/> <!-- TODO: To be implemented -->
        <FIELD NAME="status" TYPE="int" LENGTH="10" NOTNULL="false" SEQUENCE="false" COMMENT="Status"/>
        <FIELD NAME="timecreated" TYPE="int" LENGTH="10" NOTNULL="true" DEFAULT="0" SEQUENCE="false"/>
        <FIELD NAME="timemodified" TYPE="int" LENGTH="10" NOTNULL="true" DEFAULT="0" SEQUENCE="false"/>
      </FIELDS>
      <KEYS>
        <KEY NAME="primary" TYPE="primary" FIELDS="id"/>
        <KEY NAME="userid" TYPE="foreign" FIELDS="userid" REFTABLE="user" REFFIELDS="id"/>
        <KEY NAME="catscaleid" TYPE="foreign" FIELDS="catscaleid" REFTABLE="local_catquiz_catscales" REFFIELDS="id"/>
        <KEY NAME="contextid" TYPE="foreign" FIELDS="contextid" REFTABLE="local_catquiz_catcontext" REFFIELDS="id"/>
        <KEY NAME="attemptid" TYPE="foreign" FIELDS="attemptid" REFTABLE="local_catquiz_attempts" REFFIELDS="id"/>
      </KEYS>
      <INDEXES>
        <INDEX NAME="userid" UNIQUE="false" FIELDS="userid"/>
        <INDEX NAME="catscaleid" UNIQUE="false" FIELDS="catscaleid"/>
        <INDEX NAME="contextid" UNIQUE="false" FIELDS="contextid"/>
        <INDEX NAME="attemptid" UNIQUE="false" FIELDS="attemptid"/>
      </INDEXES>
    </TABLE>
    <TABLE NAME="local_catquiz_attempts" COMMENT="Table to save all relevant data about attempts of adaptive quiz instances.">
      <FIELDS>
        <FIELD NAME="id" TYPE="int" LENGTH="10" NOTNULL="true" SEQUENCE="true"/>
        <FIELD NAME="userid" TYPE="int" LENGTH="10" NOTNULL="true" DEFAULT="0" SEQUENCE="false"/>
        <FIELD NAME="scaleid" TYPE="int" LENGTH="10" NOTNULL="false" SEQUENCE="false" COMMENT="id of the catscale"/>
        <FIELD NAME="contextid" TYPE="int" LENGTH="10" NOTNULL="false" SEQUENCE="false" COMMENT="id of the catcontext"/>
        <FIELD NAME="courseid" TYPE="int" LENGTH="10" NOTNULL="false" SEQUENCE="false" COMMENT="id of the course"/>
        <FIELD NAME="attemptid" TYPE="int" LENGTH="10" NOTNULL="false" SEQUENCE="false" COMMENT="id of corresponding component (i.e. mod_adaptive_quiz)"/>
        <FIELD NAME="component" TYPE="char" LENGTH="255" NOTNULL="false" SEQUENCE="false"/>
        <FIELD NAME="instanceid" TYPE="int" LENGTH="10" NOTNULL="false" SEQUENCE="false" COMMENT="the instance id of the mod adaptive quiz"/>
        <FIELD NAME="teststrategy" TYPE="int" LENGTH="10" NOTNULL="false" SEQUENCE="false" COMMENT="'LOCAL_CATQUIZ_STRATEGY_FASTEST': 1 'LOCAL_CATQUIZ_STRATEGY_BALANCED': 2 'LOCAL_CATQUIZ_STRATEGY_ALLSUBS': 3 'LOCAL_CATQUIZ_STRATEGY_LOWESTSUB': 4 'LOCAL_CATQUIZ_STRATEGY_HIGHESTSUB': 5 'LOCAL_CATQUIZ_STRATEGY_PILOT': 6"/>
        <FIELD NAME="status" TYPE="int" LENGTH="10" NOTNULL="false" SEQUENCE="false" COMMENT="status defined as ints (see lib.php)"/>
        <FIELD NAME="total_number_of_testitems" TYPE="int" LENGTH="10" NOTNULL="false" SEQUENCE="false" COMMENT="all testitems relevant for this attempt"/>
        <FIELD NAME="number_of_testitems_used" TYPE="int" LENGTH="10" NOTNULL="false" SEQUENCE="false" COMMENT="number of testitems used in the attempt"/>
        <FIELD NAME="personability_before_attempt" TYPE="number" LENGTH="10" NOTNULL="false" SEQUENCE="false" DECIMALS="4" COMMENT="the personability before the attempt was taken using the scale that is selected for the attempt (see scaleid column)"/>
        <FIELD NAME="personability_after_attempt" TYPE="number" LENGTH="10" NOTNULL="false" SEQUENCE="false" DECIMALS="4" COMMENT="new person ability after the attempt was completed using the scale that is selected for the attempt (see scaleid column)"/>
        <FIELD NAME="starttime" TYPE="int" LENGTH="10" NOTNULL="false" SEQUENCE="false" COMMENT="start of attempt as unix timestamp"/>
        <FIELD NAME="endtime" TYPE="int" LENGTH="10" NOTNULL="false" SEQUENCE="false" COMMENT="the moment the attempt was completed as unix timestamp"/>
        <FIELD NAME="json" TYPE="text" NOTNULL="false" SEQUENCE="false" COMMENT="all data concerning attempt including specific data parsed as json"/>
        <FIELD NAME="debug_info" TYPE="text" NOTNULL="false" SEQUENCE="false" COMMENT="Additional information about the attempt in JSON format"/>
        <FIELD NAME="timecreated" TYPE="int" LENGTH="10" NOTNULL="true" DEFAULT="0" SEQUENCE="false"/>
        <FIELD NAME="timemodified" TYPE="int" LENGTH="10" NOTNULL="true" DEFAULT="0" SEQUENCE="false"/>
      </FIELDS>
      <KEYS>
        <KEY NAME="primary" TYPE="primary" FIELDS="id"/>
        <KEY NAME="userid" TYPE="foreign" FIELDS="userid" REFTABLE="user" REFFIELDS="id"/>
        <KEY NAME="scaleid" TYPE="foreign" FIELDS="scaleid" REFTABLE="local_catquiz_catscales" REFFIELDS="id"/>
        <KEY NAME="contextid" TYPE="foreign" FIELDS="contextid" REFTABLE="local_catquiz_catcontext" REFFIELDS="id"/>
        <KEY NAME="courseid" TYPE="foreign" FIELDS="courseid" REFTABLE="course" REFFIELDS="id"/>
      </KEYS>
      <INDEXES>
        <INDEX NAME="userid" UNIQUE="false" FIELDS="userid"/>
        <INDEX NAME="catscaleid" UNIQUE="false" FIELDS="scaleid"/>
        <INDEX NAME="contextid" UNIQUE="false" FIELDS="contextid"/>
        <INDEX NAME="courseid" UNIQUE="false" FIELDS="courseid"/>
        <INDEX NAME="attemptid" UNIQUE="false" FIELDS="attemptid"/>
        <INDEX NAME="instanceid" UNIQUE="false" FIELDS="instanceid"/>
        <INDEX NAME="endtime" UNIQUE="false" FIELDS="endtime"/>
        <INDEX NAME="timecreated" UNIQUE="false" FIELDS="instanceid"/>
      </INDEXES>
    </TABLE>
    <TABLE NAME="local_catquiz_progress" COMMENT="Stores the progress of attempts that are not yet finished.">
      <FIELDS>
        <FIELD NAME="id" TYPE="int" LENGTH="10" NOTNULL="true" SEQUENCE="true"/>
        <FIELD NAME="userid" TYPE="int" LENGTH="10" NOTNULL="false" SEQUENCE="false"/>
        <FIELD NAME="component" TYPE="char" LENGTH="255" NOTNULL="false" SEQUENCE="false"/>
        <FIELD NAME="attemptid" TYPE="int" LENGTH="10" NOTNULL="false" SEQUENCE="false" COMMENT="Identifies the attempt"/>
        <FIELD NAME="json" TYPE="text" NOTNULL="false" SEQUENCE="false" COMMENT="all data needed to continue the attempt"/>
        <FIELD NAME="quizsettings" TYPE="text" NOTNULL="false" SEQUENCE="false" COMMENT="The quiz settings used for this attempt"/>
      </FIELDS>
      <KEYS>
        <KEY NAME="primary" TYPE="primary" FIELDS="id"/>
        <KEY NAME="userid" TYPE="foreign" FIELDS="userid" REFTABLE="user" REFFIELDS="id"/>
        <KEY NAME="attemptid" TYPE="foreign" FIELDS="attemptid" REFTABLE="local_catquiz_attempts" REFFIELDS="id"/>
      </KEYS>
      <INDEXES>
        <INDEX NAME="userid" UNIQUE="false" FIELDS="userid"/>
        <INDEX NAME="attemptid" UNIQUE="false" FIELDS="attemptid"/>
      </INDEXES>
    </TABLE>
  </TABLES>
</XMLDB>
